Feature,Importance
Age_Category_55+,0.0
User_ID,0.0
Occupation,0.0
Marital_Status,0.0
Product_Category,0.0
Gender_Code,0.0
City_Code,0.0
Stay_Years,0.0
Total_User_Purchase,0.0
Purchase_Count,0.0
Avg_User_Purchase,0.0
Avg_Category_Purchase,0.0
Product_ID_P00000142,0.0
Product_ID_P00000242,0.0
Product_ID_P00000342,0.0
Product_ID_P00000442,0.0
Product_ID_P00000542,0.0
Product_ID_P00000642,0.0
Product_ID_P0098342,0.0
Product_ID_P0098442,0.0
Product_ID_P0098542,0.0
Product_ID_P0098642,0.0
Product_ID_P0098742,0.0
Product_ID_P0098842,0.0
Product_ID_P0098942,0.0
Product_ID_P0099042,0.0
Product_ID_P0097542,0.0
Product_ID_P0097642,0.0
Product_ID_P0097742,0.0
Product_ID_P0097842,0.0
Product_ID_P0097942,0.0
Product_ID_P0098042,0.0
Product_ID_P0098142,0.0
Product_ID_P0098242,0.0
Product_ID_P0096742,0.0
Product_ID_P0096842,0.0
Product_ID_P0096942,0.0
Product_ID_P0097042,0.0
Product_ID_P0097142,0.0
Product_ID_P0097242,0.0
Product_ID_P0097342,0.0
Product_ID_P0097442,0.0
Product_ID_P0095942,0.0
Product_ID_P0096042,0.0
Product_ID_P0096142,0.0
Product_ID_P0096242,0.0
Product_ID_P0096342,0.0
Product_ID_P0096442,0.0
Product_ID_P0096542,0.0
Product_ID_P0096642,0.0
Product_ID_P00006442,0.0
Product_ID_P00006542,0.0
Product_ID_P00006642,0.0
Product_ID_P00006742,0.0
Product_ID_P00006842,0.0
Product_ID_P00006942,0.0
Product_ID_P00007042,0.0
Product_ID_P00007142,0.0
Product_ID_P00005642,0.0
Product_ID_P00005742,0.0
Product_ID_P00005842,0.0
Product_ID_P00005942,0.0
Product_ID_P00006042,0.0
Product_ID_P00006142,0.0
Product_ID_P00006242,0.0
Product_ID_P00006342,0.0
Product_ID_P00004842,0.0
Product_ID_P00004942,0.0
Product_ID_P00005042,0.0
Product_ID_P00005142,0.0
Product_ID_P00005242,0.0
Product_ID_P00005342,0.0
Product_ID_P00005442,0.0
Product_ID_P00005542,0.0
Product_ID_P00004042,0.0
Product_ID_P00004142,0.0
Product_ID_P00004242,0.0
Product_ID_P00004342,0.0
Product_ID_P00004442,0.0
Product_ID_P00004542,0.0
Product_ID_P00004642,0.0
Product_ID_P00004742,0.0
Product_ID_P00009642,0.0
Product_ID_P00009742,0.0
Product_ID_P00010042,0.0
Product_ID_P00010142,0.0
Product_ID_P00010242,0.0
Product_ID_P00010342,0.0
Product_ID_P00010442,0.0
Product_ID_P00010542,0.0
Product_ID_P00008842,0.0
Product_ID_P00008942,0.0
Product_ID_P00009042,0.0
Product_ID_P00009142,0.0
Product_ID_P00009242,0.0
Product_ID_P00009342,0.0
Product_ID_P00009442,0.0
Product_ID_P00009542,0.0
Product_ID_P00008042,0.0
Product_ID_P00008142,0.0
Product_ID_P00008242,0.0
Product_ID_P00008342,0.0
Product_ID_P00008442,0.0
Product_ID_P00008542,0.0
Product_ID_P00008642,0.0
Product_ID_P00008742,0.0
Product_ID_P00007242,0.0
Product_ID_P00007342,0.0
Product_ID_P00007442,0.0
Product_ID_P00007542,0.0
Product_ID_P00007642,0.0
Product_ID_P00007742,0.0
Product_ID_P00007842,0.0
Product_ID_P00007942,0.0
Product_ID_P00013242,0.0
Product_ID_P00013342,0.0
Product_ID_P00013442,0.0
Product_ID_P00013542,0.0
Product_ID_P00013642,0.0
Product_ID_P00013742,0.0
Product_ID_P00013842,0.0
Product_ID_P00013942,0.0
Product_ID_P00012242,0.0
Product_ID_P00012342,0.0
Product_ID_P00012442,0.0
Product_ID_P00012542,0.0
Product_ID_P00012742,0.0
Product_ID_P00012842,0.0
Product_ID_P00012942,0.0
Product_ID_P00013142,0.0
Product_ID_P00011442,0.0
Product_ID_P00011542,0.0
Product_ID_P00011642,0.0
Product_ID_P00011742,0.0
Product_ID_P00011842,0.0
Product_ID_P00011942,0.0
Product_ID_P00012042,0.0
Product_ID_P00012142,0.0
Product_ID_P00010642,0.0
Product_ID_P00010742,0.0
Product_ID_P00010842,0.0
Product_ID_P00010942,0.0
Product_ID_P00011042,0.0
Product_ID_P00011142,0.0
Product_ID_P00011242,0.0
Product_ID_P00011342,0.0
Product_ID_P00016442,0.0
Product_ID_P00016542,0.0
Product_ID_P00016642,0.0
Product_ID_P00016742,0.0
Product_ID_P00016842,0.0
Product_ID_P00016942,0.0
Product_ID_P00017042,0.0
Product_ID_P00017142,0.0
Product_ID_P00015642,0.0
Product_ID_P00015742,0.0
Product_ID_P00015842,0.0
Product_ID_P00015942,0.0
Product_ID_P00016042,0.0
Product_ID_P00016142,0.0
Product_ID_P00016242,0.0
Product_ID_P00016342,0.0
Product_ID_P00014842,0.0
Product_ID_P00014942,0.0
Product_ID_P00015042,0.0
Product_ID_P00015142,0.0
Product_ID_P00015242,0.0
Product_ID_P00015342,0.0
Product_ID_P00015442,0.0
Product_ID_P00015542,0.0
Product_ID_P00014042,0.0
Product_ID_P00014142,0.0
Product_ID_P00014242,0.0
Product_ID_P00014342,0.0
Product_ID_P00014442,0.0
Product_ID_P00014542,0.0
Product_ID_P00014642,0.0
Product_ID_P00014742,0.0
Product_ID_P00019642,0.0
Product_ID_P00019742,0.0
Product_ID_P00019842,0.0
Product_ID_P00019942,0.0
Product_ID_P00020042,0.0
Product_ID_P00020142,0.0
Product_ID_P00020242,0.0
Product_ID_P00020342,0.0
Product_ID_P00018842,0.0
Product_ID_P00018942,0.0
Product_ID_P00019042,0.0
Product_ID_P00019142,0.0
Product_ID_P00019242,0.0
Product_ID_P00019342,0.0
Product_ID_P00019442,0.0
Product_ID_P00019542,0.0
Product_ID_P00018042,0.0
Product_ID_P00018142,0.0
Product_ID_P00018242,0.0
Product_ID_P00018342,0.0
Product_ID_P00018442,0.0
Product_ID_P00018542,0.0
Product_ID_P00018642,0.0
Product_ID_P00018742,0.0
Product_ID_P00017242,0.0
Product_ID_P00017342,0.0
Product_ID_P00017442,0.0
Product_ID_P00017542,0.0
Product_ID_P00017642,0.0
Product_ID_P00017742,0.0
Product_ID_P00017842,0.0
Product_ID_P00017942,0.0
Product_ID_P00022842,0.0
Product_ID_P00022942,0.0
Product_ID_P00023042,0.0
Product_ID_P00023142,0.0
Product_ID_P00023242,0.0
Product_ID_P00023342,0.0
Product_ID_P00023442,0.0
Product_ID_P00023542,0.0
Product_ID_P00022042,0.0
Product_ID_P00022142,0.0
Product_ID_P00022242,0.0
Product_ID_P00022342,0.0
Product_ID_P00022442,0.0
Product_ID_P00022542,0.0
Product_ID_P00022642,0.0
Product_ID_P00022742,0.0
Product_ID_P00021242,0.0
Product_ID_P00021342,0.0
Product_ID_P00021442,0.0
Product_ID_P00021542,0.0
Product_ID_P00021642,0.0
Product_ID_P00021742,0.0
Product_ID_P00021842,0.0
Product_ID_P00021942,0.0
Product_ID_P00020442,0.0
Product_ID_P00020542,0.0
Product_ID_P00020642,0.0
Product_ID_P00020742,0.0
Product_ID_P00020842,0.0
Product_ID_P00020942,0.0
Product_ID_P00021042,0.0
Product_ID_P00021142,0.0
Product_ID_P00026042,0.0
Product_ID_P00026142,0.0
Product_ID_P00026242,0.0
Product_ID_P00026342,0.0
Product_ID_P00026442,0.0
Product_ID_P00026542,0.0
Product_ID_P00026642,0.0
Product_ID_P00026742,0.0
Product_ID_P00025242,0.0
Product_ID_P00025342,0.0
Product_ID_P00025442,0.0
Product_ID_P00025542,0.0
Product_ID_P00025642,0.0
Product_ID_P00025742,0.0
Product_ID_P00025842,0.0
Product_ID_P00025942,0.0
Product_ID_P00024442,0.0
Product_ID_P00024542,0.0
Product_ID_P00024642,0.0
Product_ID_P00024742,0.0
Product_ID_P00024842,0.0
Product_ID_P00024942,0.0
Product_ID_P00025042,0.0
Product_ID_P00025142,0.0
Product_ID_P00023642,0.0
Product_ID_P00023742,0.0
Product_ID_P00023842,0.0
Product_ID_P00023942,0.0
Product_ID_P00024042,0.0
Product_ID_P00024142,0.0
Product_ID_P00024242,0.0
Product_ID_P00024342,0.0
Product_ID_P00029242,0.0
Product_ID_P00029342,0.0
Product_ID_P00029442,0.0
Product_ID_P00029542,0.0
Product_ID_P00029642,0.0
Product_ID_P00029742,0.0
Product_ID_P00029842,0.0
Product_ID_P00029942,0.0
Product_ID_P00028442,0.0
Product_ID_P00028542,0.0
Product_ID_P00028642,0.0
Product_ID_P00028742,0.0
Product_ID_P00028842,0.0
Product_ID_P00028942,0.0
Product_ID_P00029042,0.0
Product_ID_P00029142,0.0
Product_ID_P00027642,0.0
Product_ID_P00027742,0.0
Product_ID_P00027842,0.0
Product_ID_P00027942,0.0
Product_ID_P00028042,0.0
Product_ID_P00028142,0.0
Product_ID_P00028242,0.0
Product_ID_P00028342,0.0
Product_ID_P00026842,0.0
Product_ID_P00026942,0.0
Product_ID_P00027042,0.0
Product_ID_P00027142,0.0
Product_ID_P00027242,0.0
Product_ID_P00027342,0.0
Product_ID_P00027442,0.0
Product_ID_P00027542,0.0
Product_ID_P00032542,0.0
Product_ID_P00032642,0.0
Product_ID_P00032742,0.0
Product_ID_P00032842,0.0
Product_ID_P00032942,0.0
Product_ID_P00033042,0.0
Product_ID_P00033142,0.0
Product_ID_P00033242,0.0
Product_ID_P00031742,0.0
Product_ID_P00031842,0.0
Product_ID_P00031942,0.0
Product_ID_P00032042,0.0
Product_ID_P00032142,0.0
Product_ID_P00032242,0.0
Product_ID_P00032342,0.0
Product_ID_P00032442,0.0
Product_ID_P00030942,0.0
Product_ID_P00031042,0.0
Product_ID_P00031142,0.0
Product_ID_P00031242,0.0
Product_ID_P00031342,0.0
Product_ID_P00031442,0.0
Product_ID_P00031542,0.0
Product_ID_P00031642,0.0
Product_ID_P00030042,0.0
Product_ID_P00030142,0.0
Product_ID_P00030242,0.0
Product_ID_P00030442,0.0
Product_ID_P00030542,0.0
Product_ID_P00030642,0.0
Product_ID_P00030742,0.0
Product_ID_P00030842,0.0
Product_ID_P00035742,0.0
Product_ID_P00035842,0.0
Product_ID_P00035942,0.0
Product_ID_P00036042,0.0
Product_ID_P00036142,0.0
Product_ID_P00036242,0.0
Product_ID_P00036342,0.0
Product_ID_P00036442,0.0
Product_ID_P00034942,0.0
Product_ID_P00035042,0.0
Product_ID_P00035142,0.0
Product_ID_P00035242,0.0
Product_ID_P00035342,0.0
Product_ID_P00035442,0.0
Product_ID_P00035542,0.0
Product_ID_P00035642,0.0
Product_ID_P00034142,0.0
Product_ID_P00034242,0.0
Product_ID_P00034342,0.0
Product_ID_P00034442,0.0
Product_ID_P00034542,0.0
Product_ID_P00034642,0.0
Product_ID_P00034742,0.0
Product_ID_P00034842,0.0
Product_ID_P00033342,0.0
Product_ID_P00033442,0.0
Product_ID_P00033542,0.0
Product_ID_P00033642,0.0
Product_ID_P00033742,0.0
Product_ID_P00033842,0.0
Product_ID_P00033942,0.0
Product_ID_P00034042,0.0
Product_ID_P00039142,0.0
Product_ID_P00039242,0.0
Product_ID_P00039342,0.0
Product_ID_P00039442,0.0
Product_ID_P00039542,0.0
Product_ID_P00039642,0.0
Product_ID_P00039742,0.0
Product_ID_P00039842,0.0
Product_ID_P00038142,0.0
Product_ID_P00038242,0.0
Product_ID_P00038342,0.0
Product_ID_P00038442,0.0
Product_ID_P00038542,0.0
Product_ID_P00038642,0.0
Product_ID_P00038742,0.0
Product_ID_P00038842,0.0
Product_ID_P00037342,0.0
Product_ID_P00037442,0.0
Product_ID_P00037542,0.0
Product_ID_P00037642,0.0
Product_ID_P00037742,0.0
Product_ID_P00037842,0.0
Product_ID_P00037942,0.0
Product_ID_P00038042,0.0
Product_ID_P00036542,0.0
Product_ID_P00036642,0.0
Product_ID_P00036742,0.0
Product_ID_P00036842,0.0
Product_ID_P00036942,0.0
Product_ID_P00037042,0.0
Product_ID_P00037142,0.0
Product_ID_P00037242,0.0
Product_ID_P00042342,0.0
Product_ID_P00042442,0.0
Product_ID_P00042542,0.0
Product_ID_P00042742,0.0
Product_ID_P00042842,0.0
Product_ID_P00042942,0.0
Product_ID_P00043042,0.0
Product_ID_P00043142,0.0
Product_ID_P00041542,0.0
Product_ID_P00041642,0.0
Product_ID_P00041742,0.0
Product_ID_P00041842,0.0
Product_ID_P00041942,0.0
Product_ID_P00042042,0.0
Product_ID_P00042142,0.0
Product_ID_P00042242,0.0
Product_ID_P00040742,0.0
Product_ID_P00040842,0.0
Product_ID_P00040942,0.0
Product_ID_P00041042,0.0
Product_ID_P00041142,0.0
Product_ID_P00041242,0.0
Product_ID_P00041342,0.0
Product_ID_P00041442,0.0
Product_ID_P00039942,0.0
Product_ID_P00040042,0.0
Product_ID_P00040142,0.0
Product_ID_P00040242,0.0
Product_ID_P00040342,0.0
Product_ID_P00040442,0.0
Product_ID_P00040542,0.0
Product_ID_P00040642,0.0
Product_ID_P00045642,0.0
Product_ID_P00045742,0.0
Product_ID_P00045842,0.0
Product_ID_P00045942,0.0
Product_ID_P00046042,0.0
Product_ID_P00046142,0.0
Product_ID_P00046242,0.0
Product_ID_P00046342,0.0
Product_ID_P00044842,0.0
Product_ID_P00044942,0.0
Product_ID_P00045042,0.0
Product_ID_P00045142,0.0
Product_ID_P00045242,0.0
Product_ID_P00045342,0.0
Product_ID_P00045442,0.0
Product_ID_P00045542,0.0
Product_ID_P00044042,0.0
Product_ID_P00044142,0.0
Product_ID_P00044242,0.0
Product_ID_P00044342,0.0
Product_ID_P00044442,0.0
Product_ID_P00044542,0.0
Product_ID_P00044642,0.0
Product_ID_P00044742,0.0
Product_ID_P00043242,0.0
Product_ID_P00043342,0.0
Product_ID_P00043442,0.0
Product_ID_P00043542,0.0
Product_ID_P00043642,0.0
Product_ID_P00043742,0.0
Product_ID_P00043842,0.0
Product_ID_P00043942,0.0
Product_ID_P00048842,0.0
Product_ID_P00048942,0.0
Product_ID_P00049042,0.0
Product_ID_P00049142,0.0
Product_ID_P00049242,0.0
Product_ID_P00049342,0.0
Product_ID_P00049442,0.0
Product_ID_P00049542,0.0
Product_ID_P00048042,0.0
Product_ID_P00048142,0.0
Product_ID_P00048242,0.0
Product_ID_P00048342,0.0
Product_ID_P00048442,0.0
Product_ID_P00048542,0.0
Product_ID_P00048642,0.0
Product_ID_P00048742,0.0
Product_ID_P00047242,0.0
Product_ID_P00047342,0.0
Product_ID_P00047442,0.0
Product_ID_P00047542,0.0
Product_ID_P00047642,0.0
Product_ID_P00047742,0.0
Product_ID_P00047842,0.0
Product_ID_P00047942,0.0
Product_ID_P00046442,0.0
Product_ID_P00046542,0.0
Product_ID_P00046642,0.0
Product_ID_P00046742,0.0
Product_ID_P00046842,0.0
Product_ID_P00046942,0.0
Product_ID_P00047042,0.0
Product_ID_P00047142,0.0
Product_ID_P00052042,0.0
Product_ID_P00052142,0.0
Product_ID_P00052242,0.0
Product_ID_P00052342,0.0
Product_ID_P00052442,0.0
Product_ID_P00052542,0.0
Product_ID_P00052642,0.0
Product_ID_P00052742,0.0
Product_ID_P00051242,0.0
Product_ID_P00051342,0.0
Product_ID_P00051442,0.0
Product_ID_P00051542,0.0
Product_ID_P00051642,0.0
Product_ID_P00051742,0.0
Product_ID_P00051842,0.0
Product_ID_P00051942,0.0
Product_ID_P00050442,0.0
Product_ID_P00050542,0.0
Product_ID_P00050642,0.0
Product_ID_P00050742,0.0
Product_ID_P00050842,0.0
Product_ID_P00050942,0.0
Product_ID_P00051042,0.0
Product_ID_P00051142,0.0
Product_ID_P00049642,0.0
Product_ID_P00049742,0.0
Product_ID_P00049842,0.0
Product_ID_P00049942,0.0
Product_ID_P00050042,0.0
Product_ID_P00050142,0.0
Product_ID_P00050242,0.0
Product_ID_P00050342,0.0
Product_ID_P00055242,0.0
Product_ID_P00055342,0.0
Product_ID_P00055442,0.0
Product_ID_P00055542,0.0
Product_ID_P00055642,0.0
Product_ID_P00055742,0.0
Product_ID_P00055842,0.0
Product_ID_P00055942,0.0
Product_ID_P00054442,0.0
Product_ID_P00054542,0.0
Product_ID_P00054642,0.0
Product_ID_P00054742,0.0
Product_ID_P00054842,0.0
Product_ID_P00054942,0.0
Product_ID_P00055042,0.0
Product_ID_P00055142,0.0
Product_ID_P00053642,0.0
Product_ID_P00053742,0.0
Product_ID_P00053842,0.0
Product_ID_P00053942,0.0
Product_ID_P00054042,0.0
Product_ID_P00054142,0.0
Product_ID_P00054242,0.0
Product_ID_P00054342,0.0
Product_ID_P00052842,0.0
Product_ID_P00052942,0.0
Product_ID_P00053042,0.0
Product_ID_P00053142,0.0
Product_ID_P00053242,0.0
Product_ID_P00053342,0.0
Product_ID_P00053442,0.0
Product_ID_P00053542,0.0
Product_ID_P00058642,0.0
Product_ID_P00058742,0.0
Product_ID_P00058942,0.0
Product_ID_P00059042,0.0
Product_ID_P00059142,0.0
Product_ID_P00059242,0.0
Product_ID_P00059342,0.0
Product_ID_P00059442,0.0
Product_ID_P00057842,0.0
Product_ID_P00057942,0.0
Product_ID_P00058042,0.0
Product_ID_P00058142,0.0
Product_ID_P00058242,0.0
Product_ID_P00058342,0.0
Product_ID_P00058442,0.0
Product_ID_P00058542,0.0
Product_ID_P00056842,0.0
Product_ID_P00057042,0.0
Product_ID_P00057242,0.0
Product_ID_P00057342,0.0
Product_ID_P00057442,0.0
Product_ID_P00057542,0.0
Product_ID_P00057642,0.0
Product_ID_P00057742,0.0
Product_ID_P00056042,0.0
Product_ID_P00056142,0.0
Product_ID_P00056242,0.0
Product_ID_P00056342,0.0
Product_ID_P00056442,0.0
Product_ID_P00056542,0.0
Product_ID_P00056642,0.0
Product_ID_P00056742,0.0
Product_ID_P00062042,0.0
Product_ID_P00062142,0.0
Product_ID_P00062342,0.0
Product_ID_P00062442,0.0
Product_ID_P00062642,0.0
Product_ID_P00062742,0.0
Product_ID_P00062842,0.0
Product_ID_P00062942,0.0
Product_ID_P00061142,0.0
Product_ID_P00061242,0.0
Product_ID_P00061342,0.0
Product_ID_P00061442,0.0
Product_ID_P00061542,0.0
Product_ID_P00061742,0.0
Product_ID_P00061842,0.0
Product_ID_P00061942,0.0
Product_ID_P00060342,0.0
Product_ID_P00060442,0.0
Product_ID_P00060542,0.0
Product_ID_P00060642,0.0
Product_ID_P00060742,0.0
Product_ID_P00060842,0.0
Product_ID_P00060942,0.0
Product_ID_P00061042,0.0
Product_ID_P00059542,0.0
Product_ID_P00059642,0.0
Product_ID_P00059742,0.0
Product_ID_P00059842,0.0
Product_ID_P00059942,0.0
Product_ID_P00060042,0.0
Product_ID_P00060142,0.0
Product_ID_P00060242,0.0
Product_ID_P00065642,0.0
Product_ID_P00065742,0.0
Product_ID_P00065842,0.0
Product_ID_P00065942,0.0
Product_ID_P00066042,0.0
Product_ID_P00066142,0.0
Product_ID_P00066242,0.0
Product_ID_P00066342,0.0
Product_ID_P00064842,0.0
Product_ID_P00064942,0.0
Product_ID_P00065042,0.0
Product_ID_P00065142,0.0
Product_ID_P00065242,0.0
Product_ID_P00065342,0.0
Product_ID_P00065442,0.0
Product_ID_P00065542,0.0
Product_ID_P00064042,0.0
Product_ID_P00064142,0.0
Product_ID_P00064242,0.0
Product_ID_P00064342,0.0
Product_ID_P00064442,0.0
Product_ID_P00064542,0.0
Product_ID_P00064642,0.0
Product_ID_P00064742,0.0
Product_ID_P00063042,0.0
Product_ID_P00063242,0.0
Product_ID_P00063342,0.0
Product_ID_P00063442,0.0
Product_ID_P00063542,0.0
Product_ID_P00063642,0.0
Product_ID_P00063742,0.0
Product_ID_P00063842,0.0
Product_ID_P00068942,0.0
Product_ID_P00069042,0.0
Product_ID_P00069142,0.0
Product_ID_P00069242,0.0
Product_ID_P00069342,0.0
Product_ID_P00069442,0.0
Product_ID_P00069542,0.0
Product_ID_P00069642,0.0
Product_ID_P00068142,0.0
Product_ID_P00068242,0.0
Product_ID_P00068342,0.0
Product_ID_P00068442,0.0
Product_ID_P00068542,0.0
Product_ID_P00068642,0.0
Product_ID_P00068742,0.0
Product_ID_P00068842,0.0
Product_ID_P00067342,0.0
Product_ID_P00067442,0.0
Product_ID_P00067542,0.0
Product_ID_P00067642,0.0
Product_ID_P00067742,0.0
Product_ID_P00067842,0.0
Product_ID_P00067942,0.0
Product_ID_P00068042,0.0
Product_ID_P00066442,0.0
Product_ID_P00066542,0.0
Product_ID_P00066642,0.0
Product_ID_P00066742,0.0
Product_ID_P00066842,0.0
Product_ID_P00066942,0.0
Product_ID_P00067042,0.0
Product_ID_P00067142,0.0
Product_ID_P00072142,0.0
Product_ID_P00072242,0.0
Product_ID_P00072342,0.0
Product_ID_P00072442,0.0
Product_ID_P00072542,0.0
Product_ID_P00072742,0.0
Product_ID_P00072842,0.0
Product_ID_P00072942,0.0
Product_ID_P00071342,0.0
Product_ID_P00071442,0.0
Product_ID_P00071542,0.0
Product_ID_P00071642,0.0
Product_ID_P00071742,0.0
Product_ID_P00071842,0.0
Product_ID_P00071942,0.0
Product_ID_P00072042,0.0
Product_ID_P00070542,0.0
Product_ID_P00070642,0.0
Product_ID_P00070742,0.0
Product_ID_P00070842,0.0
Product_ID_P00070942,0.0
Product_ID_P00071042,0.0
Product_ID_P00071142,0.0
Product_ID_P00071242,0.0
Product_ID_P00069742,0.0
Product_ID_P00069842,0.0
Product_ID_P00069942,0.0
Product_ID_P00070042,0.0
Product_ID_P00070142,0.0
Product_ID_P00070242,0.0
Product_ID_P00070342,0.0
Product_ID_P00070442,0.0
Product_ID_P00075542,0.0
Product_ID_P00075642,0.0
Product_ID_P00075742,0.0
Product_ID_P00075842,0.0
Product_ID_P00075942,0.0
Product_ID_P00076042,0.0
Product_ID_P00076142,0.0
Product_ID_P00076242,0.0
Product_ID_P00074642,0.0
Product_ID_P00074742,0.0
Product_ID_P00074842,0.0
Product_ID_P00075042,0.0
Product_ID_P00075142,0.0
Product_ID_P00075242,0.0
Product_ID_P00075342,0.0
Product_ID_P00075442,0.0
Product_ID_P00073842,0.0
Product_ID_P00073942,0.0
Product_ID_P00074042,0.0
Product_ID_P00074142,0.0
Product_ID_P00074242,0.0
Product_ID_P00074342,0.0
Product_ID_P00074442,0.0
Product_ID_P00074542,0.0
Product_ID_P00073042,0.0
Product_ID_P00073142,0.0
Product_ID_P00073242,0.0
Product_ID_P00073342,0.0
Product_ID_P00073442,0.0
Product_ID_P00073542,0.0
Product_ID_P00073642,0.0
Product_ID_P00073742,0.0
Product_ID_P00078942,0.0
Product_ID_P00079042,0.0
Product_ID_P00079142,0.0
Product_ID_P00079342,0.0
Product_ID_P00079442,0.0
Product_ID_P00079542,0.0
Product_ID_P00079642,0.0
Product_ID_P00079742,0.0
Product_ID_P00078142,0.0
Product_ID_P00078242,0.0
Product_ID_P00078342,0.0
Product_ID_P00078442,0.0
Product_ID_P00078542,0.0
Product_ID_P00078642,0.0
Product_ID_P00078742,0.0
Product_ID_P00078842,0.0
Product_ID_P00077242,0.0
Product_ID_P00077342,0.0
Product_ID_P00077442,0.0
Product_ID_P00077542,0.0
Product_ID_P00077742,0.0
Product_ID_P00077842,0.0
Product_ID_P00077942,0.0
Product_ID_P00078042,0.0
Product_ID_P00076342,0.0
Product_ID_P00076442,0.0
Product_ID_P00076542,0.0
Product_ID_P00076642,0.0
Product_ID_P00076742,0.0
Product_ID_P00076942,0.0
Product_ID_P00077042,0.0
Product_ID_P00077142,0.0
Product_ID_P00082442,0.0
Product_ID_P00082542,0.0
Product_ID_P00082742,0.0
Product_ID_P00082842,0.0
Product_ID_P00082942,0.0
Product_ID_P00083042,0.0
Product_ID_P00083142,0.0
Product_ID_P00083242,0.0
Product_ID_P00081542,0.0
Product_ID_P00081642,0.0
Product_ID_P00081742,0.0
Product_ID_P00081842,0.0
Product_ID_P00081942,0.0
Product_ID_P00082042,0.0
Product_ID_P00082242,0.0
Product_ID_P00082342,0.0
Product_ID_P00080642,0.0
Product_ID_P00080742,0.0
Product_ID_P00080842,0.0
Product_ID_P00080942,0.0
Product_ID_P00081142,0.0
Product_ID_P00081242,0.0
Product_ID_P00081342,0.0
Product_ID_P00081442,0.0
Product_ID_P00079842,0.0
Product_ID_P00079942,0.0
Product_ID_P00080042,0.0
Product_ID_P00080142,0.0
Product_ID_P00080242,0.0
Product_ID_P00080342,0.0
Product_ID_P00080442,0.0
Product_ID_P00080542,0.0
Product_ID_P00085742,0.0
Product_ID_P00085842,0.0
Product_ID_P00085942,0.0
Product_ID_P00086042,0.0
Product_ID_P00086142,0.0
Product_ID_P00086242,0.0
Product_ID_P00086342,0.0
Product_ID_P00086442,0.0
Product_ID_P00084942,0.0
Product_ID_P00085042,0.0
Product_ID_P00085142,0.0
Product_ID_P00085242,0.0
Product_ID_P00085342,0.0
Product_ID_P00085442,0.0
Product_ID_P00085542,0.0
Product_ID_P00085642,0.0
Product_ID_P00084142,0.0
Product_ID_P00084242,0.0
Product_ID_P00084342,0.0
Product_ID_P00084442,0.0
Product_ID_P00084542,0.0
Product_ID_P00084642,0.0
Product_ID_P00084742,0.0
Product_ID_P00084842,0.0
Product_ID_P00083342,0.0
Product_ID_P00083442,0.0
Product_ID_P00083542,0.0
Product_ID_P00083642,0.0
Product_ID_P00083742,0.0
Product_ID_P00083842,0.0
Product_ID_P00083942,0.0
Product_ID_P00084042,0.0
Product_ID_P00088942,0.0
Product_ID_P00089042,0.0
Product_ID_P00089142,0.0
Product_ID_P00089242,0.0
Product_ID_P00089342,0.0
Product_ID_P00089442,0.0
Product_ID_P00089542,0.0
Product_ID_P00089642,0.0
Product_ID_P00088142,0.0
Product_ID_P00088242,0.0
Product_ID_P00088342,0.0
Product_ID_P00088442,0.0
Product_ID_P00088542,0.0
Product_ID_P00088642,0.0
Product_ID_P00088742,0.0
Product_ID_P00088842,0.0
Product_ID_P00087342,0.0
Product_ID_P00087442,0.0
Product_ID_P00087542,0.0
Product_ID_P00087642,0.0
Product_ID_P00087742,0.0
Product_ID_P00087842,0.0
Product_ID_P00087942,0.0
Product_ID_P00088042,0.0
Product_ID_P00086542,0.0
Product_ID_P00086642,0.0
Product_ID_P00086742,0.0
Product_ID_P00086842,0.0
Product_ID_P00086942,0.0
Product_ID_P00087042,0.0
Product_ID_P00087142,0.0
Product_ID_P00087242,0.0
Product_ID_P00092142,0.0
Product_ID_P00092242,0.0
Product_ID_P00092342,0.0
Product_ID_P00092442,0.0
Product_ID_P00092542,0.0
Product_ID_P00092642,0.0
Product_ID_P00092842,0.0
Product_ID_P00092942,0.0
Product_ID_P00091342,0.0
Product_ID_P00091442,0.0
Product_ID_P00091542,0.0
Product_ID_P00091642,0.0
Product_ID_P00091742,0.0
Product_ID_P00091842,0.0
Product_ID_P00091942,0.0
Product_ID_P00092042,0.0
Product_ID_P00090542,0.0
Product_ID_P00090642,0.0
Product_ID_P00090742,0.0
Product_ID_P00090842,0.0
Product_ID_P00090942,0.0
Product_ID_P00091042,0.0
Product_ID_P00091142,0.0
Product_ID_P00091242,0.0
Product_ID_P00089742,0.0
Product_ID_P00089842,0.0
Product_ID_P00089942,0.0
Product_ID_P00090042,0.0
Product_ID_P00090142,0.0
Product_ID_P00090242,0.0
Product_ID_P00090342,0.0
Product_ID_P00090442,0.0
Product_ID_P00101642,0.0
Product_ID_P00101742,0.0
Product_ID_P00101842,0.0
Product_ID_P00101942,0.0
Product_ID_P00102042,0.0
Product_ID_P00102142,0.0
Product_ID_P00102242,0.0
Product_ID_P00102342,0.0
Product_ID_P00100842,0.0
Product_ID_P00100942,0.0
Product_ID_P00101042,0.0
Product_ID_P00101142,0.0
Product_ID_P00101242,0.0
Product_ID_P00101342,0.0
Product_ID_P00101442,0.0
Product_ID_P00101542,0.0
Product_ID_P0009942,0.0
Product_ID_P00100042,0.0
Product_ID_P00100142,0.0
Product_ID_P00100342,0.0
Product_ID_P00100442,0.0
Product_ID_P00100542,0.0
Product_ID_P00100642,0.0
Product_ID_P00100742,0.0
Product_ID_P00093042,0.0
Product_ID_P00093142,0.0
Product_ID_P00093242,0.0
Product_ID_P00093342,0.0
Product_ID_P00093442,0.0
Product_ID_P00093542,0.0
Product_ID_P00093642,0.0
Product_ID_P0009842,0.0
Product_ID_P00104842,0.0
Product_ID_P00104942,0.0
Product_ID_P00105042,0.0
Product_ID_P00105142,0.0
Product_ID_P00105242,0.0
Product_ID_P00105342,0.0
Product_ID_P00105442,0.0
Product_ID_P00105542,0.0
Product_ID_P00104042,0.0
Product_ID_P00104142,0.0
Product_ID_P00104242,0.0
Product_ID_P00104342,0.0
Product_ID_P00104442,0.0
Product_ID_P00104542,0.0
Product_ID_P00104642,0.0
Product_ID_P00104742,0.0
Product_ID_P00103242,0.0
Product_ID_P00103342,0.0
Product_ID_P00103442,0.0
Product_ID_P00103542,0.0
Product_ID_P00103642,0.0
Product_ID_P00103742,0.0
Product_ID_P00103842,0.0
Product_ID_P00103942,0.0
Product_ID_P00102442,0.0
Product_ID_P00102542,0.0
Product_ID_P00102642,0.0
Product_ID_P00102742,0.0
Product_ID_P00102842,0.0
Product_ID_P00102942,0.0
Product_ID_P00103042,0.0
Product_ID_P00103142,0.0
Product_ID_P00108242,0.0
Product_ID_P00108342,0.0
Product_ID_P00108442,0.0
Product_ID_P00108542,0.0
Product_ID_P00108642,0.0
Product_ID_P00108742,0.0
Product_ID_P00108842,0.0
Product_ID_P00108942,0.0
Product_ID_P00107442,0.0
Product_ID_P00107542,0.0
Product_ID_P00107642,0.0
Product_ID_P00107742,0.0
Product_ID_P00107842,0.0
Product_ID_P00107942,0.0
Product_ID_P00108042,0.0
Product_ID_P00108142,0.0
Product_ID_P00106642,0.0
Product_ID_P00106742,0.0
Product_ID_P00106842,0.0
Product_ID_P00106942,0.0
Product_ID_P00107042,0.0
Product_ID_P00107142,0.0
Product_ID_P00107242,0.0
Product_ID_P00107342,0.0
Product_ID_P00105642,0.0
Product_ID_P00105842,0.0
Product_ID_P00105942,0.0
Product_ID_P00106042,0.0
Product_ID_P00106142,0.0
Product_ID_P00106342,0.0
Product_ID_P00106442,0.0
Product_ID_P00106542,0.0
Product_ID_P00111442,0.0
Product_ID_P00111542,0.0
Product_ID_P00111642,0.0
Product_ID_P00111742,0.0
Product_ID_P00111842,0.0
Product_ID_P00111942,0.0
Product_ID_P00112042,0.0
Product_ID_P00112142,0.0
Product_ID_P00110642,0.0
Product_ID_P00110742,0.0
Product_ID_P00110842,0.0
Product_ID_P00110942,0.0
Product_ID_P00111042,0.0
Product_ID_P00111142,0.0
Product_ID_P00111242,0.0
Product_ID_P00111342,0.0
Product_ID_P00109842,0.0
Product_ID_P00109942,0.0
Product_ID_P00110042,0.0
Product_ID_P00110142,0.0
Product_ID_P00110242,0.0
Product_ID_P00110342,0.0
Product_ID_P00110442,0.0
Product_ID_P00110542,0.0
Product_ID_P00109042,0.0
Product_ID_P00109142,0.0
Product_ID_P00109242,0.0
Product_ID_P00109342,0.0
Product_ID_P00109442,0.0
Product_ID_P00109542,0.0
Product_ID_P00109642,0.0
Product_ID_P00109742,0.0
Product_ID_P00114642,0.0
Product_ID_P00114742,0.0
Product_ID_P00114842,0.0
Product_ID_P00114942,0.0
Product_ID_P00115042,0.0
Product_ID_P00115142,0.0
Product_ID_P00115242,0.0
Product_ID_P00115342,0.0
Product_ID_P00113842,0.0
Product_ID_P00113942,0.0
Product_ID_P00114042,0.0
Product_ID_P00114142,0.0
Product_ID_P00114242,0.0
Product_ID_P00114342,0.0
Product_ID_P00114442,0.0
Product_ID_P00114542,0.0
Product_ID_P00113042,0.0
Product_ID_P00113142,0.0
Product_ID_P00113242,0.0
Product_ID_P00113342,0.0
Product_ID_P00113442,0.0
Product_ID_P00113542,0.0
Product_ID_P00113642,0.0
Product_ID_P00113742,0.0
Product_ID_P00112242,0.0
Product_ID_P00112342,0.0
Product_ID_P00112442,0.0
Product_ID_P00112542,0.0
Product_ID_P00112642,0.0
Product_ID_P00112742,0.0
Product_ID_P00112842,0.0
Product_ID_P00112942,0.0
Product_ID_P00117842,0.0
Product_ID_P00117942,0.0
Product_ID_P00118042,0.0
Product_ID_P00118142,0.0
Product_ID_P00118242,0.0
Product_ID_P00118342,0.0
Product_ID_P00118442,0.0
Product_ID_P00118542,0.0
Product_ID_P00117042,0.0
Product_ID_P00117142,0.0
Product_ID_P00117242,0.0
Product_ID_P00117342,0.0
Product_ID_P00117442,0.0
Product_ID_P00117542,0.0
Product_ID_P00117642,0.0
Product_ID_P00117742,0.0
Product_ID_P00116242,0.0
Product_ID_P00116342,0.0
Product_ID_P00116442,0.0
Product_ID_P00116542,0.0
Product_ID_P00116642,0.0
Product_ID_P00116742,0.0
Product_ID_P00116842,0.0
Product_ID_P00116942,0.0
Product_ID_P00115442,0.0
Product_ID_P00115542,0.0
Product_ID_P00115642,0.0
Product_ID_P00115742,0.0
Product_ID_P00115842,0.0
Product_ID_P00115942,0.0
Product_ID_P00116042,0.0
Product_ID_P00116142,0.0
Product_ID_P00121042,0.0
Product_ID_P00121142,0.0
Product_ID_P00121242,0.0
Product_ID_P00121342,0.0
Product_ID_P00121442,0.0
Product_ID_P00121542,0.0
Product_ID_P00121642,0.0
Product_ID_P00121742,0.0
Product_ID_P00120242,0.0
Product_ID_P00120342,0.0
Product_ID_P00120442,0.0
Product_ID_P00120542,0.0
Product_ID_P00120642,0.0
Product_ID_P00120742,0.0
Product_ID_P00120842,0.0
Product_ID_P00120942,0.0
Product_ID_P00119442,0.0
Product_ID_P00119542,0.0
Product_ID_P00119642,0.0
Product_ID_P00119742,0.0
Product_ID_P00119842,0.0
Product_ID_P00119942,0.0
Product_ID_P00120042,0.0
Product_ID_P00120142,0.0
Product_ID_P00118642,0.0
Product_ID_P00118742,0.0
Product_ID_P00118842,0.0
Product_ID_P00118942,0.0
Product_ID_P00119042,0.0
Product_ID_P00119142,0.0
Product_ID_P00119242,0.0
Product_ID_P00119342,0.0
Product_ID_P00124342,0.0
Product_ID_P00124442,0.0
Product_ID_P00124542,0.0
Product_ID_P00124642,0.0
Product_ID_P00124742,0.0
Product_ID_P00124842,0.0
Product_ID_P00124942,0.0
Product_ID_P00125042,0.0
Product_ID_P00123542,0.0
Product_ID_P00123642,0.0
Product_ID_P00123742,0.0
Product_ID_P00123842,0.0
Product_ID_P00123942,0.0
Product_ID_P00124042,0.0
Product_ID_P00124142,0.0
Product_ID_P00124242,0.0
Product_ID_P00122742,0.0
Product_ID_P00122842,0.0
Product_ID_P00122942,0.0
Product_ID_P00123042,0.0
Product_ID_P00123142,0.0
Product_ID_P00123242,0.0
Product_ID_P00123342,0.0
Product_ID_P00123442,0.0
Product_ID_P00121842,0.0
Product_ID_P00121942,0.0
Product_ID_P00122042,0.0
Product_ID_P00122142,0.0
Product_ID_P00122342,0.0
Product_ID_P00122442,0.0
Product_ID_P00122542,0.0
Product_ID_P00122642,0.0
Product_ID_P00127542,0.0
Product_ID_P00127642,0.0
Product_ID_P00127742,0.0
Product_ID_P00127842,0.0
Product_ID_P00127942,0.0
Product_ID_P00128042,0.0
Product_ID_P00128142,0.0
Product_ID_P00128242,0.0
Product_ID_P00126742,0.0
Product_ID_P00126842,0.0
Product_ID_P00126942,0.0
Product_ID_P00127042,0.0
Product_ID_P00127142,0.0
Product_ID_P00127242,0.0
Product_ID_P00127342,0.0
Product_ID_P00127442,0.0
Product_ID_P00125942,0.0
Product_ID_P00126042,0.0
Product_ID_P00126142,0.0
Product_ID_P00126242,0.0
Product_ID_P00126342,0.0
Product_ID_P00126442,0.0
Product_ID_P00126542,0.0
Product_ID_P00126642,0.0
Product_ID_P00125142,0.0
Product_ID_P00125242,0.0
Product_ID_P00125342,0.0
Product_ID_P00125442,0.0
Product_ID_P00125542,0.0
Product_ID_P00125642,0.0
Product_ID_P00125742,0.0
Product_ID_P00125842,0.0
Product_ID_P00130842,0.0
Product_ID_P00130942,0.0
Product_ID_P00131042,0.0
Product_ID_P00131142,0.0
Product_ID_P00131242,0.0
Product_ID_P00131342,0.0
Product_ID_P00131442,0.0
Product_ID_P00131542,0.0
Product_ID_P00130042,0.0
Product_ID_P00130142,0.0
Product_ID_P00130242,0.0
Product_ID_P00130342,0.0
Product_ID_P00130442,0.0
Product_ID_P00130542,0.0
Product_ID_P00130642,0.0
Product_ID_P00130742,0.0
Product_ID_P00129242,0.0
Product_ID_P00129342,0.0
Product_ID_P00129442,0.0
Product_ID_P00129542,0.0
Product_ID_P00129642,0.0
Product_ID_P00129742,0.0
Product_ID_P00129842,0.0
Product_ID_P00129942,0.0
Product_ID_P00128342,0.0
Product_ID_P00128442,0.0
Product_ID_P00128542,0.0
Product_ID_P00128642,0.0
Product_ID_P00128742,0.0
Product_ID_P00128942,0.0
Product_ID_P00129042,0.0
Product_ID_P00129142,0.0
Product_ID_P00134042,0.0
Product_ID_P00134142,0.0
Product_ID_P00134242,0.0
Product_ID_P00134342,0.0
Product_ID_P00134442,0.0
Product_ID_P00134542,0.0
Product_ID_P00134642,0.0
Product_ID_P00134742,0.0
Product_ID_P00133242,0.0
Product_ID_P00133342,0.0
Product_ID_P00133442,0.0
Product_ID_P00133542,0.0
Product_ID_P00133642,0.0
Product_ID_P00133742,0.0
Product_ID_P00133842,0.0
Product_ID_P00133942,0.0
Product_ID_P00132442,0.0
Product_ID_P00132542,0.0
Product_ID_P00132642,0.0
Product_ID_P00132742,0.0
Product_ID_P00132842,0.0
Product_ID_P00132942,0.0
Product_ID_P00133042,0.0
Product_ID_P00133142,0.0
Product_ID_P00131642,0.0
Product_ID_P00131742,0.0
Product_ID_P00131842,0.0
Product_ID_P00131942,0.0
Product_ID_P00132042,0.0
Product_ID_P00132142,0.0
Product_ID_P00132242,0.0
Product_ID_P00132342,0.0
Product_ID_P00137242,0.0
Product_ID_P00137342,0.0
Product_ID_P00137442,0.0
Product_ID_P00137542,0.0
Product_ID_P00137642,0.0
Product_ID_P00137742,0.0
Product_ID_P00137842,0.0
Product_ID_P00137942,0.0
Product_ID_P00136442,0.0
Product_ID_P00136542,0.0
Product_ID_P00136642,0.0
Product_ID_P00136742,0.0
Product_ID_P00136842,0.0
Product_ID_P00136942,0.0
Product_ID_P00137042,0.0
Product_ID_P00137142,0.0
Product_ID_P00135642,0.0
Product_ID_P00135742,0.0
Product_ID_P00135842,0.0
Product_ID_P00135942,0.0
Product_ID_P00136042,0.0
Product_ID_P00136142,0.0
Product_ID_P00136242,0.0
Product_ID_P00136342,0.0
Product_ID_P00134842,0.0
Product_ID_P00134942,0.0
Product_ID_P00135042,0.0
Product_ID_P00135142,0.0
Product_ID_P00135242,0.0
Product_ID_P00135342,0.0
Product_ID_P00135442,0.0
Product_ID_P00135542,0.0
Product_ID_P00140542,0.0
Product_ID_P00140642,0.0
Product_ID_P00140742,0.0
Product_ID_P00140942,0.0
Product_ID_P00141042,0.0
Product_ID_P00141142,0.0
Product_ID_P00141242,0.0
Product_ID_P00141342,0.0
Product_ID_P00139742,0.0
Product_ID_P00139842,0.0
Product_ID_P00139942,0.0
Product_ID_P00140042,0.0
Product_ID_P00140142,0.0
Product_ID_P00140242,0.0
Product_ID_P00140342,0.0
Product_ID_P00140442,0.0
Product_ID_P00138842,0.0
Product_ID_P00138942,0.0
Product_ID_P00139042,0.0
Product_ID_P00139142,0.0
Product_ID_P00139242,0.0
Product_ID_P00139442,0.0
Product_ID_P00139542,0.0
Product_ID_P00139642,0.0
Product_ID_P00138042,0.0
Product_ID_P00138142,0.0
Product_ID_P00138242,0.0
Product_ID_P00138342,0.0
Product_ID_P00138442,0.0
Product_ID_P00138542,0.0
Product_ID_P00138642,0.0
Product_ID_P00138742,0.0
Product_ID_P00143842,0.0
Product_ID_P00143942,0.0
Product_ID_P00144042,0.0
Product_ID_P00144142,0.0
Product_ID_P00144242,0.0
Product_ID_P00144342,0.0
Product_ID_P00144442,0.0
Product_ID_P00144542,0.0
Product_ID_P00143042,0.0
Product_ID_P00143142,0.0
Product_ID_P00143242,0.0
Product_ID_P00143342,0.0
Product_ID_P00143442,0.0
Product_ID_P00143542,0.0
Product_ID_P00143642,0.0
Product_ID_P00143742,0.0
Product_ID_P00142242,0.0
Product_ID_P00142342,0.0
Product_ID_P00142442,0.0
Product_ID_P00142542,0.0
Product_ID_P00142642,0.0
Product_ID_P00142742,0.0
Product_ID_P00142842,0.0
Product_ID_P00142942,0.0
Product_ID_P00141442,0.0
Product_ID_P00141542,0.0
Product_ID_P00141642,0.0
Product_ID_P00141742,0.0
Product_ID_P00141842,0.0
Product_ID_P00141942,0.0
Product_ID_P00142042,0.0
Product_ID_P00142142,0.0
Product_ID_P00147042,0.0
Product_ID_P00147142,0.0
Product_ID_P00147242,0.0
Product_ID_P00147342,0.0
Product_ID_P00147442,0.0
Product_ID_P00147542,0.0
Product_ID_P00147642,0.0
Product_ID_P00147742,0.0
Product_ID_P00146242,0.0
Product_ID_P00146342,0.0
Product_ID_P00146442,0.0
Product_ID_P00146542,0.0
Product_ID_P00146642,0.0
Product_ID_P00146742,0.0
Product_ID_P00146842,0.0
Product_ID_P00146942,0.0
Product_ID_P00145442,0.0
Product_ID_P00145542,0.0
Product_ID_P00145642,0.0
Product_ID_P00145742,0.0
Product_ID_P00145842,0.0
Product_ID_P00145942,0.0
Product_ID_P00146042,0.0
Product_ID_P00146142,0.0
Product_ID_P00144642,0.0
Product_ID_P00144742,0.0
Product_ID_P00144842,0.0
Product_ID_P00144942,0.0
Product_ID_P00145042,0.0
Product_ID_P00145142,0.0
Product_ID_P00145242,0.0
Product_ID_P00145342,0.0
Product_ID_P00150242,0.0
Product_ID_P00150342,0.0
Product_ID_P00150442,0.0
Product_ID_P00150542,0.0
Product_ID_P00150642,0.0
Product_ID_P00150742,0.0
Product_ID_P00150842,0.0
Product_ID_P00150942,0.0
Product_ID_P00149442,0.0
Product_ID_P00149542,0.0
Product_ID_P00149642,0.0
Product_ID_P00149742,0.0
Product_ID_P00149842,0.0
Product_ID_P00149942,0.0
Product_ID_P00150042,0.0
Product_ID_P00150142,0.0
Product_ID_P00148642,0.0
Product_ID_P00148742,0.0
Product_ID_P00148842,0.0
Product_ID_P00148942,0.0
Product_ID_P00149042,0.0
Product_ID_P00149142,0.0
Product_ID_P00149242,0.0
Product_ID_P00149342,0.0
Product_ID_P00147842,0.0
Product_ID_P00147942,0.0
Product_ID_P00148042,0.0
Product_ID_P00148142,0.0
Product_ID_P00148242,0.0
Product_ID_P00148342,0.0
Product_ID_P00148442,0.0
Product_ID_P00148542,0.0
Product_ID_P00153442,0.0
Product_ID_P00153542,0.0
Product_ID_P00153642,0.0
Product_ID_P00153742,0.0
Product_ID_P00153842,0.0
Product_ID_P00153942,0.0
Product_ID_P00154042,0.0
Product_ID_P00154142,0.0
Product_ID_P00152642,0.0
Product_ID_P00152742,0.0
Product_ID_P00152842,0.0
Product_ID_P00152942,0.0
Product_ID_P00153042,0.0
Product_ID_P00153142,0.0
Product_ID_P00153242,0.0
Product_ID_P00153342,0.0
Product_ID_P00151842,0.0
Product_ID_P00151942,0.0
Product_ID_P00152042,0.0
Product_ID_P00152142,0.0
Product_ID_P00152242,0.0
Product_ID_P00152342,0.0
Product_ID_P00152442,0.0
Product_ID_P00152542,0.0
Product_ID_P00151042,0.0
Product_ID_P00151142,0.0
Product_ID_P00151242,0.0
Product_ID_P00151342,0.0
Product_ID_P00151442,0.0
Product_ID_P00151542,0.0
Product_ID_P00151642,0.0
Product_ID_P00151742,0.0
Product_ID_P00156642,0.0
Product_ID_P00156742,0.0
Product_ID_P00156842,0.0
Product_ID_P00157042,0.0
Product_ID_P00157142,0.0
Product_ID_P00157242,0.0
Product_ID_P00157342,0.0
Product_ID_P00157442,0.0
Product_ID_P00155842,0.0
Product_ID_P00155942,0.0
Product_ID_P00156042,0.0
Product_ID_P00156142,0.0
Product_ID_P00156242,0.0
Product_ID_P00156342,0.0
Product_ID_P00156442,0.0
Product_ID_P00156542,0.0
Product_ID_P00155042,0.0
Product_ID_P00155142,0.0
Product_ID_P00155242,0.0
Product_ID_P00155342,0.0
Product_ID_P00155442,0.0
Product_ID_P00155542,0.0
Product_ID_P00155642,0.0
Product_ID_P00155742,0.0
Product_ID_P00154242,0.0
Product_ID_P00154342,0.0
Product_ID_P00154442,0.0
Product_ID_P00154542,0.0
Product_ID_P00154642,0.0
Product_ID_P00154742,0.0
Product_ID_P00154842,0.0
Product_ID_P00154942,0.0
Product_ID_P00160042,0.0
Product_ID_P00160142,0.0
Product_ID_P00160242,0.0
Product_ID_P00160342,0.0
Product_ID_P00160442,0.0
Product_ID_P00160542,0.0
Product_ID_P00160642,0.0
Product_ID_P00160742,0.0
Product_ID_P00159242,0.0
Product_ID_P00159342,0.0
Product_ID_P00159442,0.0
Product_ID_P00159542,0.0
Product_ID_P00159642,0.0
Product_ID_P00159742,0.0
Product_ID_P00159842,0.0
Product_ID_P00159942,0.0
Product_ID_P00158442,0.0
Product_ID_P00158542,0.0
Product_ID_P00158642,0.0
Product_ID_P00158742,0.0
Product_ID_P00158842,0.0
Product_ID_P00158942,0.0
Product_ID_P00159042,0.0
Product_ID_P00159142,0.0
Product_ID_P00157542,0.0
Product_ID_P00157642,0.0
Product_ID_P00157842,0.0
Product_ID_P00157942,0.0
Product_ID_P00158042,0.0
Product_ID_P00158142,0.0
Product_ID_P00158242,0.0
Product_ID_P00158342,0.0
Product_ID_P00163242,0.0
Product_ID_P00163342,0.0
Product_ID_P00163442,0.0
Product_ID_P00163542,0.0
Product_ID_P00163642,0.0
Product_ID_P00163742,0.0
Product_ID_P00163842,0.0
Product_ID_P00163942,0.0
Product_ID_P00162442,0.0
Product_ID_P00162542,0.0
Product_ID_P00162642,0.0
Product_ID_P00162742,0.0
Product_ID_P00162842,0.0
Product_ID_P00162942,0.0
Product_ID_P00163042,0.0
Product_ID_P00163142,0.0
Product_ID_P00161642,0.0
Product_ID_P00161742,0.0
Product_ID_P00161842,0.0
Product_ID_P00161942,0.0
Product_ID_P00162042,0.0
Product_ID_P00162142,0.0
Product_ID_P00162242,0.0
Product_ID_P00162342,0.0
Product_ID_P00160842,0.0
Product_ID_P00160942,0.0
Product_ID_P00161042,0.0
Product_ID_P00161142,0.0
Product_ID_P00161242,0.0
Product_ID_P00161342,0.0
Product_ID_P00161442,0.0
Product_ID_P00161542,0.0
Product_ID_P00166842,0.0
Product_ID_P00166942,0.0
Product_ID_P00167042,0.0
Product_ID_P00167142,0.0
Product_ID_P00167242,0.0
Product_ID_P00167342,0.0
Product_ID_P00167442,0.0
Product_ID_P00167542,0.0
Product_ID_P00165942,0.0
Product_ID_P00166042,0.0
Product_ID_P00166142,0.0
Product_ID_P00166242,0.0
Product_ID_P00166342,0.0
Product_ID_P00166442,0.0
Product_ID_P00166642,0.0
Product_ID_P00166742,0.0
Product_ID_P00164942,0.0
Product_ID_P00165042,0.0
Product_ID_P00165142,0.0
Product_ID_P00165242,0.0
Product_ID_P00165442,0.0
Product_ID_P00165642,0.0
Product_ID_P00165742,0.0
Product_ID_P00165842,0.0
Product_ID_P00164042,0.0
Product_ID_P00164142,0.0
Product_ID_P00164242,0.0
Product_ID_P00164342,0.0
Product_ID_P00164442,0.0
Product_ID_P00164642,0.0
Product_ID_P00164742,0.0
Product_ID_P00164842,0.0
Product_ID_P00170142,0.0
Product_ID_P00170242,0.0
Product_ID_P00170342,0.0
Product_ID_P00170442,0.0
Product_ID_P00170542,0.0
Product_ID_P00170642,0.0
Product_ID_P00170742,0.0
Product_ID_P00170842,0.0
Product_ID_P00169342,0.0
Product_ID_P00169442,0.0
Product_ID_P00169542,0.0
Product_ID_P00169642,0.0
Product_ID_P00169742,0.0
Product_ID_P00169842,0.0
Product_ID_P00169942,0.0
Product_ID_P00170042,0.0
Product_ID_P00168542,0.0
Product_ID_P00168642,0.0
Product_ID_P00168742,0.0
Product_ID_P00168842,0.0
Product_ID_P00168942,0.0
Product_ID_P00169042,0.0
Product_ID_P00169142,0.0
Product_ID_P00169242,0.0
Product_ID_P00167642,0.0
Product_ID_P00167742,0.0
Product_ID_P00167842,0.0
Product_ID_P00167942,0.0
Product_ID_P00168042,0.0
Product_ID_P00168142,0.0
Product_ID_P00168342,0.0
Product_ID_P00168442,0.0
Product_ID_P00173442,0.0
Product_ID_P00173542,0.0
Product_ID_P00173742,0.0
Product_ID_P00173842,0.0
Product_ID_P00173942,0.0
Product_ID_P00174042,0.0
Product_ID_P00174142,0.0
Product_ID_P00174242,0.0
Product_ID_P00172542,0.0
Product_ID_P00172642,0.0
Product_ID_P00172742,0.0
Product_ID_P00172842,0.0
Product_ID_P00173042,0.0
Product_ID_P00173142,0.0
Product_ID_P00173242,0.0
Product_ID_P00173342,0.0
Product_ID_P00171742,0.0
Product_ID_P00171842,0.0
Product_ID_P00171942,0.0
Product_ID_P00172042,0.0
Product_ID_P00172142,0.0
Product_ID_P00172242,0.0
Product_ID_P00172342,0.0
Product_ID_P00172442,0.0
Product_ID_P00170942,0.0
Product_ID_P00171042,0.0
Product_ID_P00171142,0.0
Product_ID_P00171242,0.0
Product_ID_P00171342,0.0
Product_ID_P00171442,0.0
Product_ID_P00171542,0.0
Product_ID_P00171642,0.0
Product_ID_P00176742,0.0
Product_ID_P00176842,0.0
Product_ID_P00176942,0.0
Product_ID_P00177042,0.0
Product_ID_P00177142,0.0
Product_ID_P00177242,0.0
Product_ID_P00177342,0.0
Product_ID_P00177442,0.0
Product_ID_P00175942,0.0
Product_ID_P00176042,0.0
Product_ID_P00176142,0.0
Product_ID_P00176242,0.0
Product_ID_P00176342,0.0
Product_ID_P00176442,0.0
Product_ID_P00176542,0.0
Product_ID_P00176642,0.0
Product_ID_P00175142,0.0
Product_ID_P00175242,0.0
Product_ID_P00175342,0.0
Product_ID_P00175442,0.0
Product_ID_P00175542,0.0
Product_ID_P00175642,0.0
Product_ID_P00175742,0.0
Product_ID_P00175842,0.0
Product_ID_P00174342,0.0
Product_ID_P00174442,0.0
Product_ID_P00174542,0.0
Product_ID_P00174642,0.0
Product_ID_P00174742,0.0
Product_ID_P00174842,0.0
Product_ID_P00174942,0.0
Product_ID_P00175042,0.0
Product_ID_P00179942,0.0
Product_ID_P00180042,0.0
Product_ID_P00180142,0.0
Product_ID_P00180242,0.0
Product_ID_P00180342,0.0
Product_ID_P00180442,0.0
Product_ID_P00180542,0.0
Product_ID_P00180642,0.0
Product_ID_P00179142,0.0
Product_ID_P00179242,0.0
Product_ID_P00179342,0.0
Product_ID_P00179442,0.0
Product_ID_P00179542,0.0
Product_ID_P00179642,0.0
Product_ID_P00179742,0.0
Product_ID_P00179842,0.0
Product_ID_P00178342,0.0
Product_ID_P00178442,0.0
Product_ID_P00178542,0.0
Product_ID_P00178642,0.0
Product_ID_P00178742,0.0
Product_ID_P00178842,0.0
Product_ID_P00178942,0.0
Product_ID_P00179042,0.0
Product_ID_P00177542,0.0
Product_ID_P00177642,0.0
Product_ID_P00177742,0.0
Product_ID_P00177842,0.0
Product_ID_P00177942,0.0
Product_ID_P00178042,0.0
Product_ID_P00178142,0.0
Product_ID_P00178242,0.0
Product_ID_P00183142,0.0
Product_ID_P00183242,0.0
Product_ID_P00183342,0.0
Product_ID_P00183442,0.0
Product_ID_P00183542,0.0
Product_ID_P00183642,0.0
Product_ID_P00183742,0.0
Product_ID_P00183842,0.0
Product_ID_P00182342,0.0
Product_ID_P00182442,0.0
Product_ID_P00182542,0.0
Product_ID_P00182642,0.0
Product_ID_P00182742,0.0
Product_ID_P00182842,0.0
Product_ID_P00182942,0.0
Product_ID_P00183042,0.0
Product_ID_P00181542,0.0
Product_ID_P00181642,0.0
Product_ID_P00181742,0.0
Product_ID_P00181842,0.0
Product_ID_P00181942,0.0
Product_ID_P00182042,0.0
Product_ID_P00182142,0.0
Product_ID_P00182242,0.0
Product_ID_P00180742,0.0
Product_ID_P00180842,0.0
Product_ID_P00180942,0.0
Product_ID_P00181042,0.0
Product_ID_P00181142,0.0
Product_ID_P00181242,0.0
Product_ID_P00181342,0.0
Product_ID_P00181442,0.0
Product_ID_P00186342,0.0
Product_ID_P00186442,0.0
Product_ID_P00186542,0.0
Product_ID_P00186642,0.0
Product_ID_P00186742,0.0
Product_ID_P00186842,0.0
Product_ID_P00186942,0.0
Product_ID_P00187042,0.0
Product_ID_P00185542,0.0
Product_ID_P00185642,0.0
Product_ID_P00185742,0.0
Product_ID_P00185842,0.0
Product_ID_P00185942,0.0
Product_ID_P00186042,0.0
Product_ID_P00186142,0.0
Product_ID_P00186242,0.0
Product_ID_P00184742,0.0
Product_ID_P00184842,0.0
Product_ID_P00184942,0.0
Product_ID_P00185042,0.0
Product_ID_P00185142,0.0
Product_ID_P00185242,0.0
Product_ID_P00185342,0.0
Product_ID_P00185442,0.0
Product_ID_P00183942,0.0
Product_ID_P00184042,0.0
Product_ID_P00184142,0.0
Product_ID_P00184242,0.0
Product_ID_P00184342,0.0
Product_ID_P00184442,0.0
Product_ID_P00184542,0.0
Product_ID_P00184642,0.0
Product_ID_P00189542,0.0
Product_ID_P00189642,0.0
Product_ID_P00189742,0.0
Product_ID_P00189842,0.0
Product_ID_P00189942,0.0
Product_ID_P00190042,0.0
Product_ID_P00190142,0.0
Product_ID_P00190242,0.0
Product_ID_P00188742,0.0
Product_ID_P00188842,0.0
Product_ID_P00188942,0.0
Product_ID_P00189042,0.0
Product_ID_P00189142,0.0
Product_ID_P00189242,0.0
Product_ID_P00189342,0.0
Product_ID_P00189442,0.0
Product_ID_P00187942,0.0
Product_ID_P00188042,0.0
Product_ID_P00188142,0.0
Product_ID_P00188242,0.0
Product_ID_P00188342,0.0
Product_ID_P00188442,0.0
Product_ID_P00188542,0.0
Product_ID_P00188642,0.0
Product_ID_P00187142,0.0
Product_ID_P00187242,0.0
Product_ID_P00187342,0.0
Product_ID_P00187442,0.0
Product_ID_P00187542,0.0
Product_ID_P00187642,0.0
Product_ID_P00187742,0.0
Product_ID_P00187842,0.0
Product_ID_P00192742,0.0
Product_ID_P00192842,0.0
Product_ID_P00192942,0.0
Product_ID_P00193042,0.0
Product_ID_P00193142,0.0
Product_ID_P00193242,0.0
Product_ID_P00193342,0.0
Product_ID_P00193442,0.0
Product_ID_P00191942,0.0
Product_ID_P00192042,0.0
Product_ID_P00192142,0.0
Product_ID_P00192242,0.0
Product_ID_P00192342,0.0
Product_ID_P00192442,0.0
Product_ID_P00192542,0.0
Product_ID_P00192642,0.0
Product_ID_P00191142,0.0
Product_ID_P00191242,0.0
Product_ID_P00191342,0.0
Product_ID_P00191442,0.0
Product_ID_P00191542,0.0
Product_ID_P00191642,0.0
Product_ID_P00191742,0.0
Product_ID_P00191842,0.0
Product_ID_P00190342,0.0
Product_ID_P00190442,0.0
Product_ID_P00190542,0.0
Product_ID_P00190642,0.0
Product_ID_P00190742,0.0
Product_ID_P00190842,0.0
Product_ID_P00190942,0.0
Product_ID_P00191042,0.0
Product_ID_P00195942,0.0
Product_ID_P00196042,0.0
Product_ID_P00196142,0.0
Product_ID_P00196242,0.0
Product_ID_P00196342,0.0
Product_ID_P00196442,0.0
Product_ID_P00196542,0.0
Product_ID_P00196642,0.0
Product_ID_P00195142,0.0
Product_ID_P00195242,0.0
Product_ID_P00195342,0.0
Product_ID_P00195442,0.0
Product_ID_P00195542,0.0
Product_ID_P00195642,0.0
Product_ID_P00195742,0.0
Product_ID_P00195842,0.0
Product_ID_P00194342,0.0
Product_ID_P00194442,0.0
Product_ID_P00194542,0.0
Product_ID_P00194642,0.0
Product_ID_P00194742,0.0
Product_ID_P00194842,0.0
Product_ID_P00194942,0.0
Product_ID_P00195042,0.0
Product_ID_P00193542,0.0
Product_ID_P00193642,0.0
Product_ID_P00193742,0.0
Product_ID_P00193842,0.0
Product_ID_P00193942,0.0
Product_ID_P00194042,0.0
Product_ID_P00194142,0.0
Product_ID_P00194242,0.0
Product_ID_P00199142,0.0
Product_ID_P00199242,0.0
Product_ID_P00199342,0.0
Product_ID_P00199442,0.0
Product_ID_P00199542,0.0
Product_ID_P00199642,0.0
Product_ID_P00199742,0.0
Product_ID_P00199842,0.0
Product_ID_P00198342,0.0
Product_ID_P00198442,0.0
Product_ID_P00198542,0.0
Product_ID_P00198642,0.0
Product_ID_P00198742,0.0
Product_ID_P00198842,0.0
Product_ID_P00198942,0.0
Product_ID_P00199042,0.0
Product_ID_P00197542,0.0
Product_ID_P00197642,0.0
Product_ID_P00197742,0.0
Product_ID_P00197842,0.0
Product_ID_P00197942,0.0
Product_ID_P00198042,0.0
Product_ID_P00198142,0.0
Product_ID_P00198242,0.0
Product_ID_P00196742,0.0
Product_ID_P00196842,0.0
Product_ID_P00196942,0.0
Product_ID_P00197042,0.0
Product_ID_P00197142,0.0
Product_ID_P00197242,0.0
Product_ID_P00197342,0.0
Product_ID_P00197442,0.0
Product_ID_P00202342,0.0
Product_ID_P00202442,0.0
Product_ID_P00202542,0.0
Product_ID_P00202642,0.0
Product_ID_P00202742,0.0
Product_ID_P00202842,0.0
Product_ID_P00202942,0.0
Product_ID_P00203042,0.0
Product_ID_P00201542,0.0
Product_ID_P00201642,0.0
Product_ID_P00201742,0.0
Product_ID_P00201842,0.0
Product_ID_P00201942,0.0
Product_ID_P00202042,0.0
Product_ID_P00202142,0.0
Product_ID_P00202242,0.0
Product_ID_P00200742,0.0
Product_ID_P00200842,0.0
Product_ID_P00200942,0.0
Product_ID_P00201042,0.0
Product_ID_P00201142,0.0
Product_ID_P00201242,0.0
Product_ID_P00201342,0.0
Product_ID_P00201442,0.0
Product_ID_P00199942,0.0
Product_ID_P00200042,0.0
Product_ID_P00200142,0.0
Product_ID_P00200242,0.0
Product_ID_P00200342,0.0
Product_ID_P00200442,0.0
Product_ID_P00200542,0.0
Product_ID_P00200642,0.0
Product_ID_P00205842,0.0
Product_ID_P00205942,0.0
Product_ID_P00206042,0.0
Product_ID_P00206142,0.0
Product_ID_P00206242,0.0
Product_ID_P00206342,0.0
Product_ID_P00206442,0.0
Product_ID_P00206542,0.0
Product_ID_P00205042,0.0
Product_ID_P00205142,0.0
Product_ID_P00205242,0.0
Product_ID_P00205342,0.0
Product_ID_P00205442,0.0
Product_ID_P00205542,0.0
Product_ID_P00205642,0.0
Product_ID_P00205742,0.0
Product_ID_P00204142,0.0
Product_ID_P00204242,0.0
Product_ID_P00204342,0.0
Product_ID_P00204442,0.0
Product_ID_P00204542,0.0
Product_ID_P00204742,0.0
Product_ID_P00204842,0.0
Product_ID_P00204942,0.0
Product_ID_P00203142,0.0
Product_ID_P00203242,0.0
Product_ID_P00203442,0.0
Product_ID_P00203642,0.0
Product_ID_P00203742,0.0
Product_ID_P00203842,0.0
Product_ID_P00203942,0.0
Product_ID_P00204042,0.0
Product_ID_P00209042,0.0
Product_ID_P00209142,0.0
Product_ID_P00209242,0.0
Product_ID_P00209342,0.0
Product_ID_P00209442,0.0
Product_ID_P00209542,0.0
Product_ID_P00209642,0.0
Product_ID_P00209742,0.0
Product_ID_P00208242,0.0
Product_ID_P00208342,0.0
Product_ID_P00208442,0.0
Product_ID_P00208542,0.0
Product_ID_P00208642,0.0
Product_ID_P00208742,0.0
Product_ID_P00208842,0.0
Product_ID_P00208942,0.0
Product_ID_P00207442,0.0
Product_ID_P00207542,0.0
Product_ID_P00207642,0.0
Product_ID_P00207742,0.0
Product_ID_P00207842,0.0
Product_ID_P00207942,0.0
Product_ID_P00208042,0.0
Product_ID_P00208142,0.0
Product_ID_P00206642,0.0
Product_ID_P00206742,0.0
Product_ID_P00206842,0.0
Product_ID_P00206942,0.0
Product_ID_P00207042,0.0
Product_ID_P00207142,0.0
Product_ID_P00207242,0.0
Product_ID_P00207342,0.0
Product_ID_P00212342,0.0
Product_ID_P00212442,0.0
Product_ID_P00212542,0.0
Product_ID_P00212642,0.0
Product_ID_P00212742,0.0
Product_ID_P00212842,0.0
Product_ID_P00212942,0.0
Product_ID_P00213042,0.0
Product_ID_P00211442,0.0
Product_ID_P00211542,0.0
Product_ID_P00211642,0.0
Product_ID_P00211742,0.0
Product_ID_P00211942,0.0
Product_ID_P00212042,0.0
Product_ID_P00212142,0.0
Product_ID_P00212242,0.0
Product_ID_P00210642,0.0
Product_ID_P00210742,0.0
Product_ID_P00210842,0.0
Product_ID_P00210942,0.0
Product_ID_P00211042,0.0
Product_ID_P00211142,0.0
Product_ID_P00211242,0.0
Product_ID_P00211342,0.0
Product_ID_P00209842,0.0
Product_ID_P00209942,0.0
Product_ID_P00210042,0.0
Product_ID_P00210142,0.0
Product_ID_P00210242,0.0
Product_ID_P00210342,0.0
Product_ID_P00210442,0.0
Product_ID_P00210542,0.0
Product_ID_P00215542,0.0
Product_ID_P00215642,0.0
Product_ID_P00215742,0.0
Product_ID_P00215842,0.0
Product_ID_P00215942,0.0
Product_ID_P00216042,0.0
Product_ID_P00216142,0.0
Product_ID_P00216242,0.0
Product_ID_P00214742,0.0
Product_ID_P00214842,0.0
Product_ID_P00214942,0.0
Product_ID_P00215042,0.0
Product_ID_P00215142,0.0
Product_ID_P00215242,0.0
Product_ID_P00215342,0.0
Product_ID_P00215442,0.0
Product_ID_P00213942,0.0
Product_ID_P00214042,0.0
Product_ID_P00214142,0.0
Product_ID_P00214242,0.0
Product_ID_P00214342,0.0
Product_ID_P00214442,0.0
Product_ID_P00214542,0.0
Product_ID_P00214642,0.0
Product_ID_P00213142,0.0
Product_ID_P00213242,0.0
Product_ID_P00213342,0.0
Product_ID_P00213442,0.0
Product_ID_P00213542,0.0
Product_ID_P00213642,0.0
Product_ID_P00213742,0.0
Product_ID_P00213842,0.0
Product_ID_P00218742,0.0
Product_ID_P00218842,0.0
Product_ID_P00218942,0.0
Product_ID_P00219042,0.0
Product_ID_P00219142,0.0
Product_ID_P00219242,0.0
Product_ID_P00219342,0.0
Product_ID_P00219442,0.0
Product_ID_P00217942,0.0
Product_ID_P00218042,0.0
Product_ID_P00218142,0.0
Product_ID_P00218242,0.0
Product_ID_P00218342,0.0
Product_ID_P00218442,0.0
Product_ID_P00218542,0.0
Product_ID_P00218642,0.0
Product_ID_P00217142,0.0
Product_ID_P00217242,0.0
Product_ID_P00217342,0.0
Product_ID_P00217442,0.0
Product_ID_P00217542,0.0
Product_ID_P00217642,0.0
Product_ID_P00217742,0.0
Product_ID_P00217842,0.0
Product_ID_P00216342,0.0
Product_ID_P00216442,0.0
Product_ID_P00216542,0.0
Product_ID_P00216642,0.0
Product_ID_P00216742,0.0
Product_ID_P00216842,0.0
Product_ID_P00216942,0.0
Product_ID_P00217042,0.0
Product_ID_P00221942,0.0
Product_ID_P00222042,0.0
Product_ID_P00222142,0.0
Product_ID_P00222242,0.0
Product_ID_P00222342,0.0
Product_ID_P00222442,0.0
Product_ID_P00222542,0.0
Product_ID_P00222642,0.0
Product_ID_P00221142,0.0
Product_ID_P00221242,0.0
Product_ID_P00221342,0.0
Product_ID_P00221442,0.0
Product_ID_P00221542,0.0
Product_ID_P00221642,0.0
Product_ID_P00221742,0.0
Product_ID_P00221842,0.0
Product_ID_P00220342,0.0
Product_ID_P00220442,0.0
Product_ID_P00220542,0.0
Product_ID_P00220642,0.0
Product_ID_P00220742,0.0
Product_ID_P00220842,0.0
Product_ID_P00220942,0.0
Product_ID_P00221042,0.0
Product_ID_P00219542,0.0
Product_ID_P00219642,0.0
Product_ID_P00219742,0.0
Product_ID_P00219842,0.0
Product_ID_P00219942,0.0
Product_ID_P00220042,0.0
Product_ID_P00220142,0.0
Product_ID_P00220242,0.0
Product_ID_P00225142,0.0
Product_ID_P00225242,0.0
Product_ID_P00225342,0.0
Product_ID_P00225442,0.0
Product_ID_P00225542,0.0
Product_ID_P00225642,0.0
Product_ID_P00225742,0.0
Product_ID_P00225842,0.0
Product_ID_P00224342,0.0
Product_ID_P00224442,0.0
Product_ID_P00224542,0.0
Product_ID_P00224642,0.0
Product_ID_P00224742,0.0
Product_ID_P00224842,0.0
Product_ID_P00224942,0.0
Product_ID_P00225042,0.0
Product_ID_P00223542,0.0
Product_ID_P00223642,0.0
Product_ID_P00223742,0.0
Product_ID_P00223842,0.0
Product_ID_P00223942,0.0
Product_ID_P00224042,0.0
Product_ID_P00224142,0.0
Product_ID_P00224242,0.0
Product_ID_P00222742,0.0
Product_ID_P00222842,0.0
Product_ID_P00222942,0.0
Product_ID_P00223042,0.0
Product_ID_P00223142,0.0
Product_ID_P00223242,0.0
Product_ID_P00223342,0.0
Product_ID_P00223442,0.0
Product_ID_P00228442,0.0
Product_ID_P00228542,0.0
Product_ID_P00228642,0.0
Product_ID_P00228742,0.0
Product_ID_P00228842,0.0
Product_ID_P00228942,0.0
Product_ID_P00229042,0.0
Product_ID_P00229142,0.0
Product_ID_P00227642,0.0
Product_ID_P00227742,0.0
Product_ID_P00227842,0.0
Product_ID_P00227942,0.0
Product_ID_P00228042,0.0
Product_ID_P00228142,0.0
Product_ID_P00228242,0.0
Product_ID_P00228342,0.0
Product_ID_P00226742,0.0
Product_ID_P00226842,0.0
Product_ID_P00226942,0.0
Product_ID_P00227042,0.0
Product_ID_P00227142,0.0
Product_ID_P00227342,0.0
Product_ID_P00227442,0.0
Product_ID_P00227542,0.0
Product_ID_P00225942,0.0
Product_ID_P00226042,0.0
Product_ID_P00226142,0.0
Product_ID_P00226242,0.0
Product_ID_P00226342,0.0
Product_ID_P00226442,0.0
Product_ID_P00226542,0.0
Product_ID_P00226642,0.0
Product_ID_P00231742,0.0
Product_ID_P00231842,0.0
Product_ID_P00231942,0.0
Product_ID_P00232042,0.0
Product_ID_P00232142,0.0
Product_ID_P00232242,0.0
Product_ID_P00232342,0.0
Product_ID_P00232442,0.0
Product_ID_P00230942,0.0
Product_ID_P00231042,0.0
Product_ID_P00231142,0.0
Product_ID_P00231242,0.0
Product_ID_P00231342,0.0
Product_ID_P00231442,0.0
Product_ID_P00231542,0.0
Product_ID_P00231642,0.0
Product_ID_P00230142,0.0
Product_ID_P00230242,0.0
Product_ID_P00230342,0.0
Product_ID_P00230442,0.0
Product_ID_P00230542,0.0
Product_ID_P00230642,0.0
Product_ID_P00230742,0.0
Product_ID_P00230842,0.0
Product_ID_P00229342,0.0
Product_ID_P00229442,0.0
Product_ID_P00229542,0.0
Product_ID_P00229642,0.0
Product_ID_P00229742,0.0
Product_ID_P00229842,0.0
Product_ID_P00229942,0.0
Product_ID_P00230042,0.0
Product_ID_P00234942,0.0
Product_ID_P00235042,0.0
Product_ID_P00235142,0.0
Product_ID_P00235242,0.0
Product_ID_P00235342,0.0
Product_ID_P00235442,0.0
Product_ID_P00235542,0.0
Product_ID_P00235642,0.0
Product_ID_P00234142,0.0
Product_ID_P00234242,0.0
Product_ID_P00234342,0.0
Product_ID_P00234442,0.0
Product_ID_P00234542,0.0
Product_ID_P00234642,0.0
Product_ID_P00234742,0.0
Product_ID_P00234842,0.0
Product_ID_P00233342,0.0
Product_ID_P00233442,0.0
Product_ID_P00233542,0.0
Product_ID_P00233642,0.0
Product_ID_P00233742,0.0
Product_ID_P00233842,0.0
Product_ID_P00233942,0.0
Product_ID_P00234042,0.0
Product_ID_P00232542,0.0
Product_ID_P00232642,0.0
Product_ID_P00232742,0.0
Product_ID_P00232842,0.0
Product_ID_P00232942,0.0
Product_ID_P00233042,0.0
Product_ID_P00233142,0.0
Product_ID_P00233242,0.0
Product_ID_P00238342,0.0
Product_ID_P00238442,0.0
Product_ID_P00238542,0.0
Product_ID_P00238642,0.0
Product_ID_P00238742,0.0
Product_ID_P00238842,0.0
Product_ID_P00238942,0.0
Product_ID_P00239042,0.0
Product_ID_P00237542,0.0
Product_ID_P00237642,0.0
Product_ID_P00237742,0.0
Product_ID_P00237842,0.0
Product_ID_P00237942,0.0
Product_ID_P00238042,0.0
Product_ID_P00238142,0.0
Product_ID_P00238242,0.0
Product_ID_P00236642,0.0
Product_ID_P00236742,0.0
Product_ID_P00236942,0.0
Product_ID_P00237042,0.0
Product_ID_P00237142,0.0
Product_ID_P00237242,0.0
Product_ID_P00237342,0.0
Product_ID_P00237442,0.0
Product_ID_P00235742,0.0
Product_ID_P00235842,0.0
Product_ID_P00235942,0.0
Product_ID_P00236042,0.0
Product_ID_P00236242,0.0
Product_ID_P00236342,0.0
Product_ID_P00236442,0.0
Product_ID_P00236542,0.0
Product_ID_P00241642,0.0
Product_ID_P00241742,0.0
Product_ID_P00241842,0.0
Product_ID_P00241942,0.0
Product_ID_P00242042,0.0
Product_ID_P00242142,0.0
Product_ID_P00242242,0.0
Product_ID_P00242342,0.0
Product_ID_P00240842,0.0
Product_ID_P00240942,0.0
Product_ID_P00241042,0.0
Product_ID_P00241142,0.0
Product_ID_P00241242,0.0
Product_ID_P00241342,0.0
Product_ID_P00241442,0.0
Product_ID_P00241542,0.0
Product_ID_P00240042,0.0
Product_ID_P00240142,0.0
Product_ID_P00240242,0.0
Product_ID_P00240342,0.0
Product_ID_P00240442,0.0
Product_ID_P00240542,0.0
Product_ID_P00240642,0.0
Product_ID_P00240742,0.0
Product_ID_P00239142,0.0
Product_ID_P00239242,0.0
Product_ID_P00239342,0.0
Product_ID_P00239442,0.0
Product_ID_P00239642,0.0
Product_ID_P00239742,0.0
Product_ID_P00239842,0.0
Product_ID_P00239942,0.0
Product_ID_P00244842,0.0
Product_ID_P00244942,0.0
Product_ID_P00245042,0.0
Product_ID_P00245142,0.0
Product_ID_P00245242,0.0
Product_ID_P00245342,0.0
Product_ID_P00245442,0.0
Product_ID_P00245542,0.0
Product_ID_P00244042,0.0
Product_ID_P00244142,0.0
Product_ID_P00244242,0.0
Product_ID_P00244342,0.0
Product_ID_P00244442,0.0
Product_ID_P00244542,0.0
Product_ID_P00244642,0.0
Product_ID_P00244742,0.0
Product_ID_P00243242,0.0
Product_ID_P00243342,0.0
Product_ID_P00243442,0.0
Product_ID_P00243542,0.0
Product_ID_P00243642,0.0
Product_ID_P00243742,0.0
Product_ID_P00243842,0.0
Product_ID_P00243942,0.0
Product_ID_P00242442,0.0
Product_ID_P00242542,0.0
Product_ID_P00242642,0.0
Product_ID_P00242742,0.0
Product_ID_P00242842,0.0
Product_ID_P00242942,0.0
Product_ID_P00243042,0.0
Product_ID_P00243142,0.0
Product_ID_P00248042,0.0
Product_ID_P00248142,0.0
Product_ID_P00248242,0.0
Product_ID_P00248342,0.0
Product_ID_P00248442,0.0
Product_ID_P00248542,0.0
Product_ID_P00248642,0.0
Product_ID_P00248742,0.0
Product_ID_P00247242,0.0
Product_ID_P00247342,0.0
Product_ID_P00247442,0.0
Product_ID_P00247542,0.0
Product_ID_P00247642,0.0
Product_ID_P00247742,0.0
Product_ID_P00247842,0.0
Product_ID_P00247942,0.0
Product_ID_P00246442,0.0
Product_ID_P00246542,0.0
Product_ID_P00246642,0.0
Product_ID_P00246742,0.0
Product_ID_P00246842,0.0
Product_ID_P00246942,0.0
Product_ID_P00247042,0.0
Product_ID_P00247142,0.0
Product_ID_P00245642,0.0
Product_ID_P00245742,0.0
Product_ID_P00245842,0.0
Product_ID_P00245942,0.0
Product_ID_P00246042,0.0
Product_ID_P00246142,0.0
Product_ID_P00246242,0.0
Product_ID_P00246342,0.0
Product_ID_P00251342,0.0
Product_ID_P00251442,0.0
Product_ID_P00251542,0.0
Product_ID_P00251642,0.0
Product_ID_P00251742,0.0
Product_ID_P00251842,0.0
Product_ID_P00251942,0.0
Product_ID_P00252042,0.0
Product_ID_P00250542,0.0
Product_ID_P00250642,0.0
Product_ID_P00250742,0.0
Product_ID_P00250842,0.0
Product_ID_P00250942,0.0
Product_ID_P00251042,0.0
Product_ID_P00251142,0.0
Product_ID_P00251242,0.0
Product_ID_P00249642,0.0
Product_ID_P00249742,0.0
Product_ID_P00249842,0.0
Product_ID_P00250042,0.0
Product_ID_P00250142,0.0
Product_ID_P00250242,0.0
Product_ID_P00250342,0.0
Product_ID_P00250442,0.0
Product_ID_P00248842,0.0
Product_ID_P00248942,0.0
Product_ID_P00249042,0.0
Product_ID_P00249142,0.0
Product_ID_P00249242,0.0
Product_ID_P00249342,0.0
Product_ID_P00249442,0.0
Product_ID_P00249542,0.0
Product_ID_P00254642,0.0
Product_ID_P00254742,0.0
Product_ID_P00254842,0.0
Product_ID_P00254942,0.0
Product_ID_P00255042,0.0
Product_ID_P00255142,0.0
Product_ID_P00255242,0.0
Product_ID_P00255342,0.0
Product_ID_P00253742,0.0
Product_ID_P00253942,0.0
Product_ID_P00254042,0.0
Product_ID_P00254142,0.0
Product_ID_P00254242,0.0
Product_ID_P00254342,0.0
Product_ID_P00254442,0.0
Product_ID_P00254542,0.0
Product_ID_P00252942,0.0
Product_ID_P00253042,0.0
Product_ID_P00253142,0.0
Product_ID_P00253242,0.0
Product_ID_P00253342,0.0
Product_ID_P00253442,0.0
Product_ID_P00253542,0.0
Product_ID_P00253642,0.0
Product_ID_P00252142,0.0
Product_ID_P00252242,0.0
Product_ID_P00252342,0.0
Product_ID_P00252442,0.0
Product_ID_P00252542,0.0
Product_ID_P00252642,0.0
Product_ID_P00252742,0.0
Product_ID_P00252842,0.0
Product_ID_P00257842,0.0
Product_ID_P00257942,0.0
Product_ID_P00258042,0.0
Product_ID_P00258142,0.0
Product_ID_P00258242,0.0
Product_ID_P00258342,0.0
Product_ID_P00258442,0.0
Product_ID_P00258542,0.0
Product_ID_P00257042,0.0
Product_ID_P00257142,0.0
Product_ID_P00257242,0.0
Product_ID_P00257342,0.0
Product_ID_P00257442,0.0
Product_ID_P00257542,0.0
Product_ID_P00257642,0.0
Product_ID_P00257742,0.0
Product_ID_P00256242,0.0
Product_ID_P00256342,0.0
Product_ID_P00256442,0.0
Product_ID_P00256542,0.0
Product_ID_P00256642,0.0
Product_ID_P00256742,0.0
Product_ID_P00256842,0.0
Product_ID_P00256942,0.0
Product_ID_P00255442,0.0
Product_ID_P00255542,0.0
Product_ID_P00255642,0.0
Product_ID_P00255742,0.0
Product_ID_P00255842,0.0
Product_ID_P00255942,0.0
Product_ID_P00256042,0.0
Product_ID_P00256142,0.0
Product_ID_P00261042,0.0
Product_ID_P00261142,0.0
Product_ID_P00261242,0.0
Product_ID_P00261342,0.0
Product_ID_P00261442,0.0
Product_ID_P00261542,0.0
Product_ID_P00261642,0.0
Product_ID_P00261742,0.0
Product_ID_P00260242,0.0
Product_ID_P00260342,0.0
Product_ID_P00260442,0.0
Product_ID_P00260542,0.0
Product_ID_P00260642,0.0
Product_ID_P00260742,0.0
Product_ID_P00260842,0.0
Product_ID_P00260942,0.0
Product_ID_P00259442,0.0
Product_ID_P00259542,0.0
Product_ID_P00259642,0.0
Product_ID_P00259742,0.0
Product_ID_P00259842,0.0
Product_ID_P00259942,0.0
Product_ID_P00260042,0.0
Product_ID_P00260142,0.0
Product_ID_P00258642,0.0
Product_ID_P00258742,0.0
Product_ID_P00258842,0.0
Product_ID_P00258942,0.0
Product_ID_P00259042,0.0
Product_ID_P00259142,0.0
Product_ID_P00259242,0.0
Product_ID_P00259342,0.0
Product_ID_P00264342,0.0
Product_ID_P00264442,0.0
Product_ID_P00264542,0.0
Product_ID_P00264642,0.0
Product_ID_P00264742,0.0
Product_ID_P00264842,0.0
Product_ID_P00264942,0.0
Product_ID_P00265042,0.0
Product_ID_P00263442,0.0
Product_ID_P00263542,0.0
Product_ID_P00263642,0.0
Product_ID_P00263742,0.0
Product_ID_P00263842,0.0
Product_ID_P00264042,0.0
Product_ID_P00264142,0.0
Product_ID_P00264242,0.0
Product_ID_P00262642,0.0
Product_ID_P00262742,0.0
Product_ID_P00262842,0.0
Product_ID_P00262942,0.0
Product_ID_P00263042,0.0
Product_ID_P00263142,0.0
Product_ID_P00263242,0.0
Product_ID_P00263342,0.0
Product_ID_P00261842,0.0
Product_ID_P00261942,0.0
Product_ID_P00262042,0.0
Product_ID_P00262142,0.0
Product_ID_P00262242,0.0
Product_ID_P00262342,0.0
Product_ID_P00262442,0.0
Product_ID_P00262542,0.0
Product_ID_P00267542,0.0
Product_ID_P00267642,0.0
Product_ID_P00267742,0.0
Product_ID_P00267842,0.0
Product_ID_P00267942,0.0
Product_ID_P00268042,0.0
Product_ID_P00268142,0.0
Product_ID_P00268242,0.0
Product_ID_P00266742,0.0
Product_ID_P00266842,0.0
Product_ID_P00266942,0.0
Product_ID_P00267042,0.0
Product_ID_P00267142,0.0
Product_ID_P00267242,0.0
Product_ID_P00267342,0.0
Product_ID_P00267442,0.0
Product_ID_P00265942,0.0
Product_ID_P00266042,0.0
Product_ID_P00266142,0.0
Product_ID_P00266242,0.0
Product_ID_P00266342,0.0
Product_ID_P00266442,0.0
Product_ID_P00266542,0.0
Product_ID_P00266642,0.0
Product_ID_P00265142,0.0
Product_ID_P00265242,0.0
Product_ID_P00265342,0.0
Product_ID_P00265442,0.0
Product_ID_P00265542,0.0
Product_ID_P00265642,0.0
Product_ID_P00265742,0.0
Product_ID_P00265842,0.0
Product_ID_P00270942,0.0
Product_ID_P00271042,0.0
Product_ID_P00271142,0.0
Product_ID_P00271242,0.0
Product_ID_P00271342,0.0
Product_ID_P00271442,0.0
Product_ID_P00271542,0.0
Product_ID_P00271642,0.0
Product_ID_P00270042,0.0
Product_ID_P00270142,0.0
Product_ID_P00270242,0.0
Product_ID_P00270442,0.0
Product_ID_P00270542,0.0
Product_ID_P00270642,0.0
Product_ID_P00270742,0.0
Product_ID_P00270842,0.0
Product_ID_P00269242,0.0
Product_ID_P00269342,0.0
Product_ID_P00269442,0.0
Product_ID_P00269542,0.0
Product_ID_P00269642,0.0
Product_ID_P00269742,0.0
Product_ID_P00269842,0.0
Product_ID_P00269942,0.0
Product_ID_P00268342,0.0
Product_ID_P00268442,0.0
Product_ID_P00268542,0.0
Product_ID_P00268642,0.0
Product_ID_P00268742,0.0
Product_ID_P00268842,0.0
Product_ID_P00269042,0.0
Product_ID_P00269142,0.0
Product_ID_P00274142,0.0
Product_ID_P00274242,0.0
Product_ID_P00274342,0.0
Product_ID_P00274442,0.0
Product_ID_P00274542,0.0
Product_ID_P00274642,0.0
Product_ID_P00274742,0.0
Product_ID_P00274842,0.0
Product_ID_P00273342,0.0
Product_ID_P00273442,0.0
Product_ID_P00273542,0.0
Product_ID_P00273642,0.0
Product_ID_P00273742,0.0
Product_ID_P00273842,0.0
Product_ID_P00273942,0.0
Product_ID_P00274042,0.0
Product_ID_P00272542,0.0
Product_ID_P00272642,0.0
Product_ID_P00272742,0.0
Product_ID_P00272842,0.0
Product_ID_P00272942,0.0
Product_ID_P00273042,0.0
Product_ID_P00273142,0.0
Product_ID_P00273242,0.0
Product_ID_P00271742,0.0
Product_ID_P00271842,0.0
Product_ID_P00271942,0.0
Product_ID_P00272042,0.0
Product_ID_P00272142,0.0
Product_ID_P00272242,0.0
Product_ID_P00272342,0.0
Product_ID_P00272442,0.0
Product_ID_P00277342,0.0
Product_ID_P00277442,0.0
Product_ID_P00277542,0.0
Product_ID_P00277642,0.0
Product_ID_P00277742,0.0
Product_ID_P00277842,0.0
Product_ID_P00277942,0.0
Product_ID_P00278042,0.0
Product_ID_P00276542,0.0
Product_ID_P00276642,0.0
Product_ID_P00276742,0.0
Product_ID_P00276842,0.0
Product_ID_P00276942,0.0
Product_ID_P00277042,0.0
Product_ID_P00277142,0.0
Product_ID_P00277242,0.0
Product_ID_P00275742,0.0
Product_ID_P00275842,0.0
Product_ID_P00275942,0.0
Product_ID_P00276042,0.0
Product_ID_P00276142,0.0
Product_ID_P00276242,0.0
Product_ID_P00276342,0.0
Product_ID_P00276442,0.0
Product_ID_P00274942,0.0
Product_ID_P00275042,0.0
Product_ID_P00275142,0.0
Product_ID_P00275242,0.0
Product_ID_P00275342,0.0
Product_ID_P00275442,0.0
Product_ID_P00275542,0.0
Product_ID_P00275642,0.0
Product_ID_P00280642,0.0
Product_ID_P00280742,0.0
Product_ID_P00280842,0.0
Product_ID_P00280942,0.0
Product_ID_P00281042,0.0
Product_ID_P00281142,0.0
Product_ID_P00281242,0.0
Product_ID_P00281342,0.0
Product_ID_P00279842,0.0
Product_ID_P00279942,0.0
Product_ID_P00280042,0.0
Product_ID_P00280142,0.0
Product_ID_P00280242,0.0
Product_ID_P00280342,0.0
Product_ID_P00280442,0.0
Product_ID_P00280542,0.0
Product_ID_P00278942,0.0
Product_ID_P00279142,0.0
Product_ID_P00279242,0.0
Product_ID_P00279342,0.0
Product_ID_P00279442,0.0
Product_ID_P00279542,0.0
Product_ID_P00279642,0.0
Product_ID_P00279742,0.0
Product_ID_P00278142,0.0
Product_ID_P00278242,0.0
Product_ID_P00278342,0.0
Product_ID_P00278442,0.0
Product_ID_P00278542,0.0
Product_ID_P00278642,0.0
Product_ID_P00278742,0.0
Product_ID_P00278842,0.0
Product_ID_P00283842,0.0
Product_ID_P00283942,0.0
Product_ID_P00284042,0.0
Product_ID_P00284142,0.0
Product_ID_P00284242,0.0
Product_ID_P00284342,0.0
Product_ID_P00284542,0.0
Product_ID_P00284642,0.0
Product_ID_P00283042,0.0
Product_ID_P00283142,0.0
Product_ID_P00283242,0.0
Product_ID_P00283342,0.0
Product_ID_P00283442,0.0
Product_ID_P00283542,0.0
Product_ID_P00283642,0.0
Product_ID_P00283742,0.0
Product_ID_P00282242,0.0
Product_ID_P00282342,0.0
Product_ID_P00282442,0.0
Product_ID_P00282542,0.0
Product_ID_P00282642,0.0
Product_ID_P00282742,0.0
Product_ID_P00282842,0.0
Product_ID_P00282942,0.0
Product_ID_P00281442,0.0
Product_ID_P00281542,0.0
Product_ID_P00281642,0.0
Product_ID_P00281742,0.0
Product_ID_P00281842,0.0
Product_ID_P00281942,0.0
Product_ID_P00282042,0.0
Product_ID_P00282142,0.0
Product_ID_P00287142,0.0
Product_ID_P00287242,0.0
Product_ID_P00287342,0.0
Product_ID_P00287442,0.0
Product_ID_P00287542,0.0
Product_ID_P00287642,0.0
Product_ID_P00287742,0.0
Product_ID_P00287842,0.0
Product_ID_P00286342,0.0
Product_ID_P00286442,0.0
Product_ID_P00286542,0.0
Product_ID_P00286642,0.0
Product_ID_P00286742,0.0
Product_ID_P00286842,0.0
Product_ID_P00286942,0.0
Product_ID_P00287042,0.0
Product_ID_P00285542,0.0
Product_ID_P00285642,0.0
Product_ID_P00285742,0.0
Product_ID_P00285842,0.0
Product_ID_P00285942,0.0
Product_ID_P00286042,0.0
Product_ID_P00286142,0.0
Product_ID_P00286242,0.0
Product_ID_P00284742,0.0
Product_ID_P00284842,0.0
Product_ID_P00284942,0.0
Product_ID_P00285042,0.0
Product_ID_P00285142,0.0
Product_ID_P00285242,0.0
Product_ID_P00285342,0.0
Product_ID_P00285442,0.0
Product_ID_P00290342,0.0
Product_ID_P00290442,0.0
Product_ID_P00290542,0.0
Product_ID_P00290642,0.0
Product_ID_P00290742,0.0
Product_ID_P00290842,0.0
Product_ID_P00290942,0.0
Product_ID_P00291042,0.0
Product_ID_P00289542,0.0
Product_ID_P00289642,0.0
Product_ID_P00289742,0.0
Product_ID_P00289842,0.0
Product_ID_P00289942,0.0
Product_ID_P00290042,0.0
Product_ID_P00290142,0.0
Product_ID_P00290242,0.0
Product_ID_P00288742,0.0
Product_ID_P00288842,0.0
Product_ID_P00288942,0.0
Product_ID_P00289042,0.0
Product_ID_P00289142,0.0
Product_ID_P00289242,0.0
Product_ID_P00289342,0.0
Product_ID_P00289442,0.0
Product_ID_P00287942,0.0
Product_ID_P00288042,0.0
Product_ID_P00288142,0.0
Product_ID_P00288242,0.0
Product_ID_P00288342,0.0
Product_ID_P00288442,0.0
Product_ID_P00288542,0.0
Product_ID_P00288642,0.0
Product_ID_P00293542,0.0
Product_ID_P00293742,0.0
Product_ID_P00293842,0.0
Product_ID_P00293942,0.0
Product_ID_P00294042,0.0
Product_ID_P00294142,0.0
Product_ID_P00294242,0.0
Product_ID_P00294342,0.0
Product_ID_P00292742,0.0
Product_ID_P00292842,0.0
Product_ID_P00292942,0.0
Product_ID_P00293042,0.0
Product_ID_P00293142,0.0
Product_ID_P00293242,0.0
Product_ID_P00293342,0.0
Product_ID_P00293442,0.0
Product_ID_P00291942,0.0
Product_ID_P00292042,0.0
Product_ID_P00292142,0.0
Product_ID_P00292242,0.0
Product_ID_P00292342,0.0
Product_ID_P00292442,0.0
Product_ID_P00292542,0.0
Product_ID_P00292642,0.0
Product_ID_P00291142,0.0
Product_ID_P00291242,0.0
Product_ID_P00291342,0.0
Product_ID_P00291442,0.0
Product_ID_P00291542,0.0
Product_ID_P00291642,0.0
Product_ID_P00291742,0.0
Product_ID_P00291842,0.0
Product_ID_P00296942,0.0
Product_ID_P00297042,0.0
Product_ID_P00297142,0.0
Product_ID_P00297242,0.0
Product_ID_P00297342,0.0
Product_ID_P00297442,0.0
Product_ID_P00297542,0.0
Product_ID_P00297642,0.0
Product_ID_P00296142,0.0
Product_ID_P00296242,0.0
Product_ID_P00296342,0.0
Product_ID_P00296442,0.0
Product_ID_P00296542,0.0
Product_ID_P00296642,0.0
Product_ID_P00296742,0.0
Product_ID_P00296842,0.0
Product_ID_P00295342,0.0
Product_ID_P00295442,0.0
Product_ID_P00295542,0.0
Product_ID_P00295642,0.0
Product_ID_P00295742,0.0
Product_ID_P00295842,0.0
Product_ID_P00295942,0.0
Product_ID_P00296042,0.0
Product_ID_P00294442,0.0
Product_ID_P00294542,0.0
Product_ID_P00294642,0.0
Product_ID_P00294742,0.0
Product_ID_P00294842,0.0
Product_ID_P00295042,0.0
Product_ID_P00295142,0.0
Product_ID_P00295242,0.0
Product_ID_P00300342,0.0
Product_ID_P00300442,0.0
Product_ID_P00300542,0.0
Product_ID_P00300642,0.0
Product_ID_P00300742,0.0
Product_ID_P00300942,0.0
Product_ID_P00301042,0.0
Product_ID_P00301142,0.0
Product_ID_P00299442,0.0
Product_ID_P00299542,0.0
Product_ID_P00299642,0.0
Product_ID_P00299742,0.0
Product_ID_P00299842,0.0
Product_ID_P00299942,0.0
Product_ID_P00300042,0.0
Product_ID_P00300242,0.0
Product_ID_P00298542,0.0
Product_ID_P00298742,0.0
Product_ID_P00298842,0.0
Product_ID_P00298942,0.0
Product_ID_P00299042,0.0
Product_ID_P00299142,0.0
Product_ID_P00299242,0.0
Product_ID_P00299342,0.0
Product_ID_P00297742,0.0
Product_ID_P00297842,0.0
Product_ID_P00297942,0.0
Product_ID_P00298042,0.0
Product_ID_P00298142,0.0
Product_ID_P00298242,0.0
Product_ID_P00298342,0.0
Product_ID_P00298442,0.0
Product_ID_P00303642,0.0
Product_ID_P00303742,0.0
Product_ID_P00303842,0.0
Product_ID_P00303942,0.0
Product_ID_P00304042,0.0
Product_ID_P00304142,0.0
Product_ID_P00304242,0.0
Product_ID_P00304342,0.0
Product_ID_P00302842,0.0
Product_ID_P00302942,0.0
Product_ID_P00303042,0.0
Product_ID_P00303142,0.0
Product_ID_P00303242,0.0
Product_ID_P00303342,0.0
Product_ID_P00303442,0.0
Product_ID_P00303542,0.0
Product_ID_P00302042,0.0
Product_ID_P00302142,0.0
Product_ID_P00302242,0.0
Product_ID_P00302342,0.0
Product_ID_P00302442,0.0
Product_ID_P00302542,0.0
Product_ID_P00302642,0.0
Product_ID_P00302742,0.0
Product_ID_P00301242,0.0
Product_ID_P00301342,0.0
Product_ID_P00301442,0.0
Product_ID_P00301542,0.0
Product_ID_P00301642,0.0
Product_ID_P00301742,0.0
Product_ID_P00301842,0.0
Product_ID_P00301942,0.0
Product_ID_P00307042,0.0
Product_ID_P00307142,0.0
Product_ID_P00307242,0.0
Product_ID_P00307342,0.0
Product_ID_P00307442,0.0
Product_ID_P00307542,0.0
Product_ID_P00307642,0.0
Product_ID_P00307742,0.0
Product_ID_P00306042,0.0
Product_ID_P00306142,0.0
Product_ID_P00306242,0.0
Product_ID_P00306342,0.0
Product_ID_P00306442,0.0
Product_ID_P00306542,0.0
Product_ID_P00306742,0.0
Product_ID_P00306942,0.0
Product_ID_P00305242,0.0
Product_ID_P00305342,0.0
Product_ID_P00305442,0.0
Product_ID_P00305542,0.0
Product_ID_P00305642,0.0
Product_ID_P00305742,0.0
Product_ID_P00305842,0.0
Product_ID_P00305942,0.0
Product_ID_P00304442,0.0
Product_ID_P00304542,0.0
Product_ID_P00304642,0.0
Product_ID_P00304742,0.0
Product_ID_P00304842,0.0
Product_ID_P00304942,0.0
Product_ID_P00305042,0.0
Product_ID_P00305142,0.0
Product_ID_P00310442,0.0
Product_ID_P00310542,0.0
Product_ID_P00310642,0.0
Product_ID_P00310742,0.0
Product_ID_P00310842,0.0
Product_ID_P00310942,0.0
Product_ID_P00311042,0.0
Product_ID_P00311242,0.0
Product_ID_P00309542,0.0
Product_ID_P00309642,0.0
Product_ID_P00309742,0.0
Product_ID_P00309942,0.0
Product_ID_P00310042,0.0
Product_ID_P00310142,0.0
Product_ID_P00310242,0.0
Product_ID_P00310342,0.0
Product_ID_P00308642,0.0
Product_ID_P00308842,0.0
Product_ID_P00308942,0.0
Product_ID_P00309042,0.0
Product_ID_P00309142,0.0
Product_ID_P00309242,0.0
Product_ID_P00309342,0.0
Product_ID_P00309442,0.0
Product_ID_P00307842,0.0
Product_ID_P00307942,0.0
Product_ID_P00308042,0.0
Product_ID_P00308142,0.0
Product_ID_P00308242,0.0
Product_ID_P00308342,0.0
Product_ID_P00308442,0.0
Product_ID_P00308542,0.0
Product_ID_P00313842,0.0
Product_ID_P00313942,0.0
Product_ID_P00314042,0.0
Product_ID_P00314142,0.0
Product_ID_P00314242,0.0
Product_ID_P00314342,0.0
Product_ID_P00314542,0.0
Product_ID_P00314642,0.0
Product_ID_P00313042,0.0
Product_ID_P00313142,0.0
Product_ID_P00313242,0.0
Product_ID_P00313342,0.0
Product_ID_P00313442,0.0
Product_ID_P00313542,0.0
Product_ID_P00313642,0.0
Product_ID_P00313742,0.0
Product_ID_P00312142,0.0
Product_ID_P00312242,0.0
Product_ID_P00312342,0.0
Product_ID_P00312442,0.0
Product_ID_P00312542,0.0
Product_ID_P00312742,0.0
Product_ID_P00312842,0.0
Product_ID_P00312942,0.0
Product_ID_P00311342,0.0
Product_ID_P00311442,0.0
Product_ID_P00311542,0.0
Product_ID_P00311642,0.0
Product_ID_P00311742,0.0
Product_ID_P00311842,0.0
Product_ID_P00311942,0.0
Product_ID_P00312042,0.0
Product_ID_P00317242,0.0
Product_ID_P00317342,0.0
Product_ID_P00317442,0.0
Product_ID_P00317542,0.0
Product_ID_P00317642,0.0
Product_ID_P00317742,0.0
Product_ID_P00317842,0.0
Product_ID_P00317942,0.0
Product_ID_P00316442,0.0
Product_ID_P00316542,0.0
Product_ID_P00316642,0.0
Product_ID_P00316742,0.0
Product_ID_P00316842,0.0
Product_ID_P00316942,0.0
Product_ID_P00317042,0.0
Product_ID_P00317142,0.0
Product_ID_P00315642,0.0
Product_ID_P00315742,0.0
Product_ID_P00315842,0.0
Product_ID_P00315942,0.0
Product_ID_P00316042,0.0
Product_ID_P00316142,0.0
Product_ID_P00316242,0.0
Product_ID_P00316342,0.0
Product_ID_P00314742,0.0
Product_ID_P00314842,0.0
Product_ID_P00314942,0.0
Product_ID_P00315042,0.0
Product_ID_P00315142,0.0
Product_ID_P00315242,0.0
Product_ID_P00315442,0.0
Product_ID_P00315542,0.0
Product_ID_P00320542,0.0
Product_ID_P00320642,0.0
Product_ID_P00320742,0.0
Product_ID_P00320842,0.0
Product_ID_P00320942,0.0
Product_ID_P00321042,0.0
Product_ID_P00321142,0.0
Product_ID_P00321242,0.0
Product_ID_P00319742,0.0
Product_ID_P00319842,0.0
Product_ID_P00319942,0.0
Product_ID_P00320042,0.0
Product_ID_P00320142,0.0
Product_ID_P00320242,0.0
Product_ID_P00320342,0.0
Product_ID_P00320442,0.0
Product_ID_P00318942,0.0
Product_ID_P00319042,0.0
Product_ID_P00319142,0.0
Product_ID_P00319242,0.0
Product_ID_P00319342,0.0
Product_ID_P00319442,0.0
Product_ID_P00319542,0.0
Product_ID_P00319642,0.0
Product_ID_P00318042,0.0
Product_ID_P00318142,0.0
Product_ID_P00318342,0.0
Product_ID_P00318442,0.0
Product_ID_P00318542,0.0
Product_ID_P00318642,0.0
Product_ID_P00318742,0.0
Product_ID_P00318842,0.0
Product_ID_P00323942,0.0
Product_ID_P00324042,0.0
Product_ID_P00324142,0.0
Product_ID_P00324242,0.0
Product_ID_P00324342,0.0
Product_ID_P00324442,0.0
Product_ID_P00324542,0.0
Product_ID_P00324642,0.0
Product_ID_P00323142,0.0
Product_ID_P00323242,0.0
Product_ID_P00323342,0.0
Product_ID_P00323442,0.0
Product_ID_P00323542,0.0
Product_ID_P00323642,0.0
Product_ID_P00323742,0.0
Product_ID_P00323842,0.0
Product_ID_P00322142,0.0
Product_ID_P00322242,0.0
Product_ID_P00322342,0.0
Product_ID_P00322442,0.0
Product_ID_P00322542,0.0
Product_ID_P00322742,0.0
Product_ID_P00322942,0.0
Product_ID_P00323042,0.0
Product_ID_P00321342,0.0
Product_ID_P00321442,0.0
Product_ID_P00321542,0.0
Product_ID_P00321642,0.0
Product_ID_P00321742,0.0
Product_ID_P00321842,0.0
Product_ID_P00321942,0.0
Product_ID_P00322042,0.0
Product_ID_P00327242,0.0
Product_ID_P00327342,0.0
Product_ID_P00327442,0.0
Product_ID_P00327542,0.0
Product_ID_P00327642,0.0
Product_ID_P00327742,0.0
Product_ID_P00327842,0.0
Product_ID_P00327942,0.0
Product_ID_P00326442,0.0
Product_ID_P00326542,0.0
Product_ID_P00326642,0.0
Product_ID_P00326742,0.0
Product_ID_P00326842,0.0
Product_ID_P00326942,0.0
Product_ID_P00327042,0.0
Product_ID_P00327142,0.0
Product_ID_P00325542,0.0
Product_ID_P00325642,0.0
Product_ID_P00325742,0.0
Product_ID_P00325842,0.0
Product_ID_P00325942,0.0
Product_ID_P00326042,0.0
Product_ID_P00326242,0.0
Product_ID_P00326342,0.0
Product_ID_P00324742,0.0
Product_ID_P00324842,0.0
Product_ID_P00324942,0.0
Product_ID_P00325042,0.0
Product_ID_P00325142,0.0
Product_ID_P00325242,0.0
Product_ID_P00325342,0.0
Product_ID_P00325442,0.0
Product_ID_P00330542,0.0
Product_ID_P00330642,0.0
Product_ID_P00330742,0.0
Product_ID_P00330842,0.0
Product_ID_P00331042,0.0
Product_ID_P00331142,0.0
Product_ID_P00331242,0.0
Product_ID_P00331342,0.0
Product_ID_P00329742,0.0
Product_ID_P00329842,0.0
Product_ID_P00329942,0.0
Product_ID_P00330042,0.0
Product_ID_P00330142,0.0
Product_ID_P00330242,0.0
Product_ID_P00330342,0.0
Product_ID_P00330442,0.0
Product_ID_P00328942,0.0
Product_ID_P00329042,0.0
Product_ID_P00329142,0.0
Product_ID_P00329242,0.0
Product_ID_P00329342,0.0
Product_ID_P00329442,0.0
Product_ID_P00329542,0.0
Product_ID_P00329642,0.0
Product_ID_P00328042,0.0
Product_ID_P00328142,0.0
Product_ID_P00328242,0.0
Product_ID_P00328342,0.0
Product_ID_P00328442,0.0
Product_ID_P00328642,0.0
Product_ID_P00328742,0.0
Product_ID_P00328842,0.0
Product_ID_P00333842,0.0
Product_ID_P00333942,0.0
Product_ID_P00334042,0.0
Product_ID_P00334142,0.0
Product_ID_P00334242,0.0
Product_ID_P00334342,0.0
Product_ID_P00334442,0.0
Product_ID_P00334542,0.0
Product_ID_P00333042,0.0
Product_ID_P00333142,0.0
Product_ID_P00333242,0.0
Product_ID_P00333342,0.0
Product_ID_P00333442,0.0
Product_ID_P00333542,0.0
Product_ID_P00333642,0.0
Product_ID_P00333742,0.0
Product_ID_P00332242,0.0
Product_ID_P00332342,0.0
Product_ID_P00332442,0.0
Product_ID_P00332542,0.0
Product_ID_P00332642,0.0
Product_ID_P00332742,0.0
Product_ID_P00332842,0.0
Product_ID_P00332942,0.0
Product_ID_P00331442,0.0
Product_ID_P00331542,0.0
Product_ID_P00331642,0.0
Product_ID_P00331742,0.0
Product_ID_P00331842,0.0
Product_ID_P00331942,0.0
Product_ID_P00332042,0.0
Product_ID_P00332142,0.0
Product_ID_P00337142,0.0
Product_ID_P00337242,0.0
Product_ID_P00337342,0.0
Product_ID_P00337442,0.0
Product_ID_P00337542,0.0
Product_ID_P00337642,0.0
Product_ID_P00337742,0.0
Product_ID_P00337842,0.0
Product_ID_P00336242,0.0
Product_ID_P00336342,0.0
Product_ID_P00336442,0.0
Product_ID_P00336542,0.0
Product_ID_P00336642,0.0
Product_ID_P00336742,0.0
Product_ID_P00336942,0.0
Product_ID_P00337042,0.0
Product_ID_P00335442,0.0
Product_ID_P00335542,0.0
Product_ID_P00335642,0.0
Product_ID_P00335742,0.0
Product_ID_P00335842,0.0
Product_ID_P00335942,0.0
Product_ID_P00336042,0.0
Product_ID_P00336142,0.0
Product_ID_P00334642,0.0
Product_ID_P00334742,0.0
Product_ID_P00334842,0.0
Product_ID_P00334942,0.0
Product_ID_P00335042,0.0
Product_ID_P00335142,0.0
Product_ID_P00335242,0.0
Product_ID_P00335342,0.0
Product_ID_P00340342,0.0
Product_ID_P00340442,0.0
Product_ID_P00340542,0.0
Product_ID_P00340642,0.0
Product_ID_P00340742,0.0
Product_ID_P00340842,0.0
Product_ID_P00340942,0.0
Product_ID_P00341042,0.0
Product_ID_P00339542,0.0
Product_ID_P00339642,0.0
Product_ID_P00339742,0.0
Product_ID_P00339842,0.0
Product_ID_P00339942,0.0
Product_ID_P00340042,0.0
Product_ID_P00340142,0.0
Product_ID_P00340242,0.0
Product_ID_P00338742,0.0
Product_ID_P00338842,0.0
Product_ID_P00338942,0.0
Product_ID_P00339042,0.0
Product_ID_P00339142,0.0
Product_ID_P00339242,0.0
Product_ID_P00339342,0.0
Product_ID_P00339442,0.0
Product_ID_P00337942,0.0
Product_ID_P00338042,0.0
Product_ID_P00338142,0.0
Product_ID_P00338242,0.0
Product_ID_P00338342,0.0
Product_ID_P00338442,0.0
Product_ID_P00338542,0.0
Product_ID_P00338642,0.0
Product_ID_P00343542,0.0
Product_ID_P00343642,0.0
Product_ID_P00343742,0.0
Product_ID_P00343842,0.0
Product_ID_P00343942,0.0
Product_ID_P00344042,0.0
Product_ID_P00344142,0.0
Product_ID_P00344242,0.0
Product_ID_P00342742,0.0
Product_ID_P00342842,0.0
Product_ID_P00342942,0.0
Product_ID_P00343042,0.0
Product_ID_P00343142,0.0
Product_ID_P00343242,0.0
Product_ID_P00343342,0.0
Product_ID_P00343442,0.0
Product_ID_P00341942,0.0
Product_ID_P00342042,0.0
Product_ID_P00342142,0.0
Product_ID_P00342242,0.0
Product_ID_P00342342,0.0
Product_ID_P00342442,0.0
Product_ID_P00342542,0.0
Product_ID_P00342642,0.0
Product_ID_P00341142,0.0
Product_ID_P00341242,0.0
Product_ID_P00341342,0.0
Product_ID_P00341442,0.0
Product_ID_P00341542,0.0
Product_ID_P00341642,0.0
Product_ID_P00341742,0.0
Product_ID_P00341842,0.0
Product_ID_P00346842,0.0
Product_ID_P00346942,0.0
Product_ID_P00347042,0.0
Product_ID_P00347142,0.0
Product_ID_P00347242,0.0
Product_ID_P00347342,0.0
Product_ID_P00347442,0.0
Product_ID_P00347542,0.0
Product_ID_P00346042,0.0
Product_ID_P00346142,0.0
Product_ID_P00346242,0.0
Product_ID_P00346342,0.0
Product_ID_P00346442,0.0
Product_ID_P00346542,0.0
Product_ID_P00346642,0.0
Product_ID_P00346742,0.0
Product_ID_P00345242,0.0
Product_ID_P00345342,0.0
Product_ID_P00345442,0.0
Product_ID_P00345542,0.0
Product_ID_P00345642,0.0
Product_ID_P00345742,0.0
Product_ID_P00345842,0.0
Product_ID_P00345942,0.0
Product_ID_P00344342,0.0
Product_ID_P00344442,0.0
Product_ID_P00344542,0.0
Product_ID_P00344742,0.0
Product_ID_P00344842,0.0
Product_ID_P00344942,0.0
Product_ID_P00345042,0.0
Product_ID_P00345142,0.0
Product_ID_P00350042,0.0
Product_ID_P00350142,0.0
Product_ID_P00350242,0.0
Product_ID_P00350342,0.0
Product_ID_P00350442,0.0
Product_ID_P00350542,0.0
Product_ID_P00350642,0.0
Product_ID_P00350742,0.0
Product_ID_P00349242,0.0
Product_ID_P00349342,0.0
Product_ID_P00349442,0.0
Product_ID_P00349542,0.0
Product_ID_P00349642,0.0
Product_ID_P00349742,0.0
Product_ID_P00349842,0.0
Product_ID_P00349942,0.0
Product_ID_P00348442,0.0
Product_ID_P00348542,0.0
Product_ID_P00348642,0.0
Product_ID_P00348742,0.0
Product_ID_P00348842,0.0
Product_ID_P00348942,0.0
Product_ID_P00349042,0.0
Product_ID_P00349142,0.0
Product_ID_P00347642,0.0
Product_ID_P00347742,0.0
Product_ID_P00347842,0.0
Product_ID_P00347942,0.0
Product_ID_P00348042,0.0
Product_ID_P00348142,0.0
Product_ID_P00348242,0.0
Product_ID_P00348342,0.0
Product_ID_P00353242,0.0
Product_ID_P00353342,0.0
Product_ID_P00353442,0.0
Product_ID_P00353542,0.0
Product_ID_P00353642,0.0
Product_ID_P00353742,0.0
Product_ID_P00353842,0.0
Product_ID_P00353942,0.0
Product_ID_P00352442,0.0
Product_ID_P00352542,0.0
Product_ID_P00352642,0.0
Product_ID_P00352742,0.0
Product_ID_P00352842,0.0
Product_ID_P00352942,0.0
Product_ID_P00353042,0.0
Product_ID_P00353142,0.0
Product_ID_P00351642,0.0
Product_ID_P00351742,0.0
Product_ID_P00351842,0.0
Product_ID_P00351942,0.0
Product_ID_P00352042,0.0
Product_ID_P00352142,0.0
Product_ID_P00352242,0.0
Product_ID_P00352342,0.0
Product_ID_P00350842,0.0
Product_ID_P00350942,0.0
Product_ID_P00351042,0.0
Product_ID_P00351142,0.0
Product_ID_P00351242,0.0
Product_ID_P00351342,0.0
Product_ID_P00351442,0.0
Product_ID_P00351542,0.0
Product_ID_P00356442,0.0
Product_ID_P00356542,0.0
Product_ID_P00356642,0.0
Product_ID_P00356742,0.0
Product_ID_P00356842,0.0
Product_ID_P00356942,0.0
Product_ID_P00357042,0.0
Product_ID_P00357142,0.0
Product_ID_P00355642,0.0
Product_ID_P00355742,0.0
Product_ID_P00355842,0.0
Product_ID_P00355942,0.0
Product_ID_P00356042,0.0
Product_ID_P00356142,0.0
Product_ID_P00356242,0.0
Product_ID_P00356342,0.0
Product_ID_P00354842,0.0
Product_ID_P00354942,0.0
Product_ID_P00355042,0.0
Product_ID_P00355142,0.0
Product_ID_P00355242,0.0
Product_ID_P00355342,0.0
Product_ID_P00355442,0.0
Product_ID_P00355542,0.0
Product_ID_P00354042,0.0
Product_ID_P00354142,0.0
Product_ID_P00354242,0.0
Product_ID_P00354342,0.0
Product_ID_P00354442,0.0
Product_ID_P00354542,0.0
Product_ID_P00354642,0.0
Product_ID_P00354742,0.0
Product_ID_P00359642,0.0
Product_ID_P00359742,0.0
Product_ID_P00359942,0.0
Product_ID_P00360042,0.0
Product_ID_P00360142,0.0
Product_ID_P00360242,0.0
Product_ID_P00360342,0.0
Product_ID_P00360442,0.0
Product_ID_P00358842,0.0
Product_ID_P00358942,0.0
Product_ID_P00359042,0.0
Product_ID_P00359142,0.0
Product_ID_P00359242,0.0
Product_ID_P00359342,0.0
Product_ID_P00359442,0.0
Product_ID_P00359542,0.0
Product_ID_P00358042,0.0
Product_ID_P00358142,0.0
Product_ID_P00358242,0.0
Product_ID_P00358342,0.0
Product_ID_P00358442,0.0
Product_ID_P00358542,0.0
Product_ID_P00358642,0.0
Product_ID_P00358742,0.0
Product_ID_P00357242,0.0
Product_ID_P00357342,0.0
Product_ID_P00357442,0.0
Product_ID_P00357542,0.0
Product_ID_P00357642,0.0
Product_ID_P00357742,0.0
Product_ID_P00357842,0.0
Product_ID_P00357942,0.0
Product_ID_P00362942,0.0
Product_ID_P00363042,0.0
Product_ID_P00363142,0.0
Product_ID_P00363242,0.0
Product_ID_P00363342,0.0
Product_ID_P00363442,0.0
Product_ID_P00363542,0.0
Product_ID_P00363742,0.0
Product_ID_P00362142,0.0
Product_ID_P00362242,0.0
Product_ID_P00362342,0.0
Product_ID_P00362442,0.0
Product_ID_P00362542,0.0
Product_ID_P00362642,0.0
Product_ID_P00362742,0.0
Product_ID_P00362842,0.0
Product_ID_P00361342,0.0
Product_ID_P00361442,0.0
Product_ID_P00361542,0.0
Product_ID_P00361642,0.0
Product_ID_P00361742,0.0
Product_ID_P00361842,0.0
Product_ID_P00361942,0.0
Product_ID_P00362042,0.0
Product_ID_P00360542,0.0
Product_ID_P00360642,0.0
Product_ID_P00360742,0.0
Product_ID_P00360842,0.0
Product_ID_P00360942,0.0
Product_ID_P00361042,0.0
Product_ID_P00361142,0.0
Product_ID_P00361242,0.0
Product_ID_P00366242,0.0
Product_ID_P00366342,0.0
Product_ID_P00366442,0.0
Product_ID_P00366542,0.0
Product_ID_P00366642,0.0
Product_ID_P00366742,0.0
Product_ID_P00366842,0.0
Product_ID_P00366942,0.0
Product_ID_P00365442,0.0
Product_ID_P00365542,0.0
Product_ID_P00365642,0.0
Product_ID_P00365742,0.0
Product_ID_P00365842,0.0
Product_ID_P00365942,0.0
Product_ID_P00366042,0.0
Product_ID_P00366142,0.0
Product_ID_P00364642,0.0
Product_ID_P00364742,0.0
Product_ID_P00364842,0.0
Product_ID_P00364942,0.0
Product_ID_P00365042,0.0
Product_ID_P00365142,0.0
Product_ID_P00365242,0.0
Product_ID_P00365342,0.0
Product_ID_P00363842,0.0
Product_ID_P00363942,0.0
Product_ID_P00364042,0.0
Product_ID_P00364142,0.0
Product_ID_P00364242,0.0
Product_ID_P00364342,0.0
Product_ID_P00364442,0.0
Product_ID_P00364542,0.0
Product_ID_P00369442,0.0
Product_ID_P00369542,0.0
Product_ID_P00369642,0.0
Product_ID_P00369742,0.0
Product_ID_P00369842,0.0
Product_ID_P00369942,0.0
Product_ID_P00370042,0.0
Product_ID_P00370142,0.0
Product_ID_P00368642,0.0
Product_ID_P00368742,0.0
Product_ID_P00368842,0.0
Product_ID_P00368942,0.0
Product_ID_P00369042,0.0
Product_ID_P00369142,0.0
Product_ID_P00369242,0.0
Product_ID_P00369342,0.0
Product_ID_P00367842,0.0
Product_ID_P00367942,0.0
Product_ID_P00368042,0.0
Product_ID_P00368142,0.0
Product_ID_P00368242,0.0
Product_ID_P00368342,0.0
Product_ID_P00368442,0.0
Product_ID_P00368542,0.0
Product_ID_P00367042,0.0
Product_ID_P00367142,0.0
Product_ID_P00367242,0.0
Product_ID_P00367342,0.0
Product_ID_P00367442,0.0
Product_ID_P00367542,0.0
Product_ID_P00367642,0.0
Product_ID_P00367742,0.0
Product_ID_P0095142,0.0
Product_ID_P0095242,0.0
Product_ID_P0095342,0.0
Product_ID_P0095442,0.0
Product_ID_P0095542,0.0
Product_ID_P0095642,0.0
Product_ID_P0095742,0.0
Product_ID_P0095842,0.0
Product_ID_P0094342,0.0
Product_ID_P0094442,0.0
Product_ID_P0094542,0.0
Product_ID_P0094642,0.0
Product_ID_P0094742,0.0
Product_ID_P0094842,0.0
Product_ID_P0094942,0.0
Product_ID_P0095042,0.0
Product_ID_P00372445,0.0
Product_ID_P00375436,0.0
Product_ID_P0093742,0.0
Product_ID_P0093842,0.0
Product_ID_P0093942,0.0
Product_ID_P0094042,0.0
Product_ID_P0094142,0.0
Product_ID_P0094242,0.0
Product_ID_P00370242,0.0
Product_ID_P00370293,0.0
Product_ID_P00370342,0.0
Product_ID_P00370442,0.0
Product_ID_P00370542,0.0
Product_ID_P00370642,0.0
Product_ID_P00370853,0.0
Product_ID_P00371644,0.0
Stay_In_Current_City_Years_4+,0.0
Age_Category_0-17,0.0
Age_Category_18-25,0.0
Age_Category_26-35,0.0
Age_Category_36-45,0.0
Age_Category_46-50,0.0
Age_Category_51-55,0.0
Product_ID_P00000742,0.0
Age_55+,0.0
City_Category_A,0.0
City_Category_B,0.0
City_Category_C,0.0
Stay_In_Current_City_Years_0,0.0
Stay_In_Current_City_Years_1,0.0
Stay_In_Current_City_Years_2,0.0
Stay_In_Current_City_Years_3,0.0
Gender_F,0.0
Gender_M,0.0
Age_0-17,0.0
Age_18-25,0.0
Age_26-35,0.0
Age_36-45,0.0
Age_46-50,0.0
Age_51-55,0.0
Product_ID_P0099142,0.0
Product_ID_P0099242,0.0
Product_ID_P0099342,0.0
Product_ID_P0099442,0.0
Product_ID_P0099642,0.0
Product_ID_P0099742,0.0
Product_ID_P0099842,0.0
Product_ID_P0099942,0.0
Product_ID_P00003242,0.0
Product_ID_P00003342,0.0
Product_ID_P00003442,0.0
Product_ID_P00003542,0.0
Product_ID_P00003642,0.0
Product_ID_P00003742,0.0
Product_ID_P00003842,0.0
Product_ID_P00003942,0.0
Product_ID_P00002442,0.0
Product_ID_P00002542,0.0
Product_ID_P00002642,0.0
Product_ID_P00002742,0.0
Product_ID_P00002842,0.0
Product_ID_P00002942,0.0
Product_ID_P00003042,0.0
Product_ID_P00003142,0.0
Product_ID_P00001642,0.0
Product_ID_P00001742,0.0
Product_ID_P00001842,0.0
Product_ID_P00001942,0.0
Product_ID_P00002042,0.0
Product_ID_P00002142,0.0
Product_ID_P00002242,0.0
Product_ID_P00002342,0.0
Product_ID_P00000842,0.0
Product_ID_P00000942,0.0
Product_ID_P00001042,0.0
Product_ID_P00001142,0.0
Product_ID_P00001242,0.0
Product_ID_P00001342,0.0
Product_ID_P00001442,0.0
Product_ID_P00001542,0.0
